prediction_uid,logged_at,match_date,tournament,surface,level,round,p1,p2,run_id,match_uid,feature_snapshot_id,p1_rank,p2_rank,model_p1_prob,model_p2_prob,xgb_p1_prob,xgb_p2_prob,rf_p1_prob,rf_p2_prob,market_p1_prob,market_p2_prob,p1_odds_american,p2_odds_american,p1_odds_decimal,p2_odds_decimal,spread_handicap,spread_odds_p1,spread_odds_p2,total_games,total_odds_over,total_odds_under,edge_p1,primary_model_family,model_version,nn_model_version,xgb_model_version,rf_model_version,nn_probability_source,logging_schema_version,logging_quality,rescore_quality,record_status,record_note,features_complete,defaulted_features,odds_scraped_at,match_start_time,actual_winner,score,settled_at,model_correct,market_correct,xgb_correct,rf_correct,snapshot_role
pred_e88e3794fc8bd91f7a16,2026-07-08T03:58:14.354598,2026-07-08,Men's Singles,Grass,G,QF,Taylor Fritz,Alexander Zverev,run_20260708T034903Z,match_4a28eddfe82ae0d4dae3,feat_11a1c447f92178a084de,7.0,3.0,0.4071,0.5929,0.476,0.524,0.3409,0.6591,0.5,0.5,-110.0,-110,1.9090909090909087,1.9090909090909087,-0.5,(-110),(-120),44.0,(-115),(-115),-0.0929,nn,v1.2.1,v1.2.1,v1.2.0,v1.2.0,raw,prediction_log_v2,snapshot_v2,exact_feature_snapshot,pending,,True,,2026-07-08 03:54:33,7/8/26 1:30 PM,,,,,,,,live
pred_f8427dd7f493faeeccec,2026-07-08T03:58:16.554035,2026-07-08,Men's Singles,Grass,G,QF,Flavio Cobolli,Arthur Fery,run_20260708T034903Z,match_31841590ac8cd848beb2,feat_c9bef85e820c37b9ce43,10.0,114.0,0.7824,0.2176,0.7176,0.2824,0.666,0.334,0.7064,0.2936,-285.0,225,1.350877192982456,3.25,-4.5,(-125),(-105),39.5,(-105),(-125),0.076,nn,v1.2.1,v1.2.1,v1.2.0,v1.2.0,raw,prediction_log_v2,snapshot_v2,exact_feature_snapshot,pending,,True,,2026-07-08 03:54:34,7/8/26 2:00 PM,,,,,,,,live
pred_e6cba56282be8a80e84c,2026-07-08T03:58:18.747459,2026-07-10,Men's Singles,Grass,G,SF,Jannik Sinner,Novak Djokovic,run_20260708T034903Z,match_3458169fde10bbcb35ba,feat_7e608df89f52e3eb6f3e,1.0,8.0,0.7679,0.2321,0.7805,0.2195,0.7075,0.2925,0.7864,0.2136,-450.0,350,1.2222222222222223,4.5,-5.0,(-120),(-110),38.5,(-110),(-120),-0.0185,nn,v1.2.1,v1.2.1,v1.2.0,v1.2.0,raw,prediction_log_v2,snapshot_v2,exact_feature_snapshot,pending,,True,,2026-07-08 03:54:34,7/10/26 12:30 PM,,,,,,,,live
pred_eab44af3231471d96893,2026-07-08T03:58:20.950998,2026-07-08,Iasi,Hard,C,R16,Taro Daniel,Zdenek Kolar,run_20260708T034903Z,match_e6b00ddfef2f84d3d012,feat_f87ad29e627c8317a2ad,203.0,154.0,0.5707,0.4293,0.5395,0.4605,0.4975,0.5025,0.5721,0.4279,-155.0,120,1.6451612903225803,2.2,-2.5,(-110),(-120),21.5,(-120),(-110),-0.0014,nn,v1.2.1,v1.2.1,v1.2.0,v1.2.0,raw,prediction_log_v2,snapshot_v2,exact_feature_snapshot,pending,,True,,2026-07-08 03:54:47,7/8/26 7:00 AM,,,,,,,,live
pred_3c52ae32887e280a8344,2026-07-08T03:58:23.135323,2026-07-08,Iasi,Hard,C,R16,Ilia Simakin,Lautaro Midon,run_20260708T034903Z,match_4977a27212010e80fa35,feat_74f035e855ee9e2773f2,304.0,230.0,0.6318,0.3682,0.7452,0.2548,0.5282,0.4718,0.3232,0.6768,190.0,-260,2.9,1.3846153846153846,4.0,(-130),(EVEN),21.5,(-115),(-115),0.3086,nn,v1.2.1,v1.2.1,v1.2.0,v1.2.0,raw,prediction_log_v2,snapshot_v2,exact_feature_snapshot,pending,,True,,2026-07-08 03:54:48,7/8/26 10:30 AM,,,,,,,,live
pred_b6c013b02156d00d2fc3,2026-07-08T03:58:25.338647,2026-07-08,Iasi,Hard,C,R16,Pedro Martinez,Maks Kasnikowski,run_20260708T034903Z,match_42d5fe45cad083ca5ebe,feat_3fa4e9ab8f839838e234,134.0,284.0,0.5074,0.4926,0.5572,0.4428,0.5654,0.4346,0.4459,0.5541,110.0,-145,2.1,1.6896551724137931,1.5,(-115),(-115),22.0,(-115),(-115),0.0615,nn,v1.2.1,v1.2.1,v1.2.0,v1.2.0,raw,prediction_log_v2,snapshot_v2,exact_feature_snapshot,pending,,True,,2026-07-08 03:54:48,7/8/26 11:40 AM,,,,,,,,live
pred_f4fa6dbf0f680c803192,2026-07-08T03:58:27.546932,2026-07-08,Iasi,Hard,C,R16,Jerome Kym,Sascha Gueymard Wayenburg,run_20260708T034903Z,match_e27526f582a0e19ff6a1,feat_57c806c1eb370ec21ae1,196.0,283.0,0.6621,0.3379,0.6541,0.3459,0.6228,0.3772,0.6768,0.3232,-260.0,190,1.3846153846153846,2.9,-3.0,(-125),(-105),22.5,(-110),(-120),-0.0148,nn,v1.2.1,v1.2.1,v1.2.0,v1.2.0,raw,prediction_log_v2,snapshot_v2,exact_feature_snapshot,pending,,True,,2026-07-08 03:54:49,7/8/26 12:00 PM,,,,,,,,live
pred_72f3cbc97c87ab247b85,2026-07-08T03:58:29.752107,2026-07-08,Iasi,Hard,C,R16,Zsombor Piros,Damir Dzumhur,run_20260708T034903Z,match_62ce3f1eb127bb40aa67,feat_665af7af071a8c516532,169.0,105.0,0.4582,0.5418,0.4993,0.5007,0.4496,0.5504,0.5835,0.4165,-165.0,125,1.606060606060606,2.25,-2.5,(-115),(-115),22.0,(-115),(-115),-0.1253,nn,v1.2.1,v1.2.1,v1.2.0,v1.2.0,raw,prediction_log_v2,snapshot_v2,exact_feature_snapshot,pending,,True,,2026-07-08 03:54:49,7/8/26 3:00 PM,,,,,,,,live
pred_a9d648d7099e1629ccb2,2026-07-08T03:58:31.984765,2026-07-08,Braunschweig,Hard,C,,Diego Dedura,Dalibor Svrcina,run_20260708T034903Z,match_0f703a70b986a7f810e1,feat_09373dfdec3aa7b3449d,,,,,,,,,0.3621,0.6379,160.0,-210,2.6,1.4761904761904765,3.5,(-120),(-110),21.5,(-110),(-120),,nn,,,,,,prediction_log_v2,snapshot_v2,exact_feature_snapshot,pending,,True,,2026-07-08 03:55:02,7/8/26 9:00 AM,,,,,,,,live
pred_94504894d48fc5e7fc11,2026-07-08T03:58:34.213991,2026-07-08,Braunschweig,Hard,C,R16,Max Schoenhaus,Laslo Djere,run_20260708T034903Z,match_bd7a41fc83a60907f46c,feat_66a55f7005b4285dd12e,335.0,234.0,0.3805,0.6195,0.4063,0.5937,0.4019,0.5981,0.3429,0.6571,175.0,-230,2.75,1.434782608695652,3.5,(-120),(-110),22.0,(-120),(-110),0.0377,nn,v1.2.1,v1.2.1,v1.2.0,v1.2.0,raw,prediction_log_v2,snapshot_v2,exact_feature_snapshot,pending,,True,,2026-07-08 03:55:02,7/8/26 10:10 AM,,,,,,,,live
pred_bd93e028913d04eaf340,2026-07-08T03:58:36.415810,2026-07-08,Braunschweig,Hard,C,R16,Daniel Rincon,Sebastian Ofner,run_20260708T034903Z,match_59bee8e9dc9d0b4e44a4,feat_f1305268c1d593b8e484,261.0,110.0,0.4168,0.5832,0.3904,0.6096,0.3804,0.6196,0.2566,0.7434,265.0,-385,3.65,1.2597402597402598,4.0,(-115),(-115),21.5,(-115),(-115),0.1602,nn,v1.2.1,v1.2.1,v1.2.0,v1.2.0,raw,prediction_log_v2,snapshot_v2,exact_feature_snapshot,pending,,True,,2026-07-08 03:55:03,7/8/26 11:20 AM,,,,,,,,live
pred_ef0400fbdf2fbd9d28a5,2026-07-08T03:58:38.615429,2026-07-08,Braunschweig,Hard,C,R16,Jan Choinski,Max Hans Rehberg,run_20260708T034903Z,match_d2d5ee9cbf1829d01935,feat_fc2507e2a6805c032aca,100.0,510.0,0.645,0.355,0.6499,0.3501,0.6793,0.3207,0.5915,0.4085,-170.0,130,1.5882352941176472,2.3,-2.0,(-120),(-110),22.5,(-115),(-115),0.0535,nn,v1.2.1,v1.2.1,v1.2.0,v1.2.0,raw,prediction_log_v2,snapshot_v2,exact_feature_snapshot,pending,,True,,2026-07-08 03:55:04,7/8/26 2:30 PM,,,,,,,,live
pred_0875f3b98091dd0fa994,2026-07-08T03:58:40.839960,2026-07-08,Liege,Hard,C,R16,Emilien Demanet,Lorenzo Giustino,run_20260708T034903Z,match_d85f249859531b800fe0,feat_b5d8c9f9d8916bbf5b20,588.0,226.0,0.3454,0.6546,0.3422,0.6578,0.3536,0.6464,0.336,0.664,180.0,-240,2.8,1.4166666666666667,3.5,(-125),(-105),22.0,(-110),(-120),0.0095,nn,v1.2.1,v1.2.1,v1.2.0,v1.2.0,raw,prediction_log_v2,snapshot_v2,exact_feature_snapshot,pending,,True,,2026-07-08 03:55:06,7/8/26 9:00 AM,,,,,,,,live
pred_6af113113cba31786ea4,2026-07-08T03:58:43.049757,2026-07-08,Liege,Hard,C,R16,Luca Staeheli,Jack Loge,run_20260708T034903Z,match_ac4e22ba83db0c891842,feat_ff61003ed873bf8947ca,589.0,426.0,0.5092,0.4908,0.4861,0.5139,0.4623,0.5377,0.5306,0.4694,-130.0,EVEN,1.7692307692307692,2.0,-1.0,(-115),(-115),21.5,(-120),(-110),-0.0214,nn,v1.2.1,v1.2.1,v1.2.0,v1.2.0,raw,prediction_log_v2,snapshot_v2,exact_feature_snapshot,pending,,True,,2026-07-08 03:55:06,7/8/26 10:10 AM,,,,,,,,live
pred_237200dd069f789b9a1b,2026-07-08T03:58:45.243315,2026-07-08,Liege,Hard,C,,Sandro Kopp,Manas Manoj Dhamne,run_20260708T034903Z,match_a5899f01cb536e798246,feat_05a76d05abaf6717e750,,,,,,,,,0.664,0.336,-240.0,+180,1.4166666666666667,2.8,-3.5,(-125),(-105),21.0,(-115),(-115),,nn,,,,,,prediction_log_v2,snapshot_v2,exact_feature_snapshot,pending,,True,,2026-07-08 03:55:07,7/8/26 11:20 AM,,,,,,,,live
pred_9a7a19751763fbe14324,2026-07-08T03:58:47.444204,2026-07-08,Liege,Hard,C,R16,Miguel Damas,Gilles Arnaud Bailly,run_20260708T034903Z,match_c315bf08c04d9bbd42c0,feat_b1d3cb971f314b02da29,280.0,210.0,0.4655,0.5345,0.4739,0.5261,0.4356,0.5644,0.4279,0.5721,120.0,-155,2.2,1.6451612903225803,2.0,(-110),(-120),21.5,(-115),(-115),0.0377,nn,v1.2.1,v1.2.1,v1.2.0,v1.2.0,raw,prediction_log_v2,snapshot_v2,exact_feature_snapshot,pending,,True,,2026-07-08 03:55:07,7/8/26 3:00 PM,,,,,,,,live
pred_d663e9bcfab95a7f88f0,2026-07-08T03:58:49.640214,2026-07-08,Nottingham,Hard,C,R16,Clement Chidekh,Alberto Barroso Campos,run_20260708T034903Z,match_74cde945f3841face486,feat_a86acb5e1733b2e63fdb,205.0,618.0,0.8174,0.1826,0.7631,0.2369,0.7085,0.2915,0.8212,0.1788,-700.0,+425,1.1428571428571428,5.25,-5.0,(-115),(-115),20.0,(-125),(-105),-0.0039,nn,v1.2.1,v1.2.1,v1.2.0,v1.2.0,raw,prediction_log_v2,snapshot_v2,exact_feature_snapshot,pending,,True,,2026-07-08 03:55:37,7/8/26 10:00 AM,,,,,,,,live
pred_635e49c89746d30ce5fd,2026-07-08T03:58:51.840814,2026-07-08,Nottingham,Hard,C,R16,Yi Zhou,Daniel de Jonge,run_20260708T034903Z,match_629f579c25cd657a6e7b,feat_3c6e59f340bf5d838f6e,240.0,619.0,0.7157,0.2843,0.7429,0.2571,0.6108,0.3892,0.8028,0.1972,-600.0,+375,1.1666666666666667,4.75,-4.5,(-110),(-120),22.0,(-105),(-125),-0.0871,nn,v1.2.1,v1.2.1,v1.2.0,v1.2.0,raw,prediction_log_v2,snapshot_v2,exact_feature_snapshot,pending,,True,,2026-07-08 03:55:38,7/8/26 10:00 AM,,,,,,,,live
pred_218171cda31caece3a4d,2026-07-08T03:58:54.043537,2026-07-08,Nottingham,Hard,C,R16,Ivan Ivanov,Lui Maxted,run_20260708T034903Z,match_071ba2eb8a7658de4b80,feat_5132474bc1b22428c7e6,654.0,405.0,0.4742,0.5258,0.6231,0.3769,0.4792,0.5208,0.4899,0.5101,-110.0,-120,1.9090909090909087,1.8333333333333333,0.5,(-120),(-110),22.0,(-115),(-115),-0.0157,nn,v1.2.1,v1.2.1,v1.2.0,v1.2.0,raw,prediction_log_v2,snapshot_v2,exact_feature_snapshot,pending,,False,Player2_Height=default,2026-07-08 03:55:39,7/8/26 11:00 AM,,,,,,,,live
pred_e29260fb272d6fec0209,2026-07-08T03:58:56.244502,2026-07-08,Nottingham,Hard,C,R16,Patrick Brady,Alastair Gray,run_20260708T034903Z,match_cf19687d0ff4e485a294,feat_1fb6550a76f8f8589dec,869.0,277.0,0.2944,0.7056,0.3662,0.6338,0.3435,0.6565,0.3232,0.6768,190.0,-260,2.9,1.3846153846153846,3.5,(-120),(-110),22.0,(-125),(-105),-0.0287,nn,v1.2.1,v1.2.1,v1.2.0,v1.2.0,raw,prediction_log_v2,snapshot_v2,exact_feature_snapshot,pending,,True,,2026-07-08 03:55:40,7/8/26 12:10 PM,,,,,,,,live
pred_b1a989f475c32129348c,2026-07-08T03:58:58.440035,2026-07-08,Trieste,Hard,C,R16,Michele Ribecai,Matej Dodig,run_20260708T034903Z,match_116ea782de1da461c4f2,feat_a954ffa937ce6f17a955,265.0,208.0,0.2976,0.7024,0.403,0.597,0.4144,0.5856,0.4367,0.5633,115.0,-150,2.15,1.6666666666666663,1.5,(-110),(-120),22.0,(-110),(-120),-0.139,nn,v1.2.1,v1.2.1,v1.2.0,v1.2.0,raw,prediction_log_v2,snapshot_v2,exact_feature_snapshot,pending,,True,,2026-07-08 03:55:42,7/8/26 10:30 AM,,,,,,,,live
pred_1200c1443d75bcaddef6,2026-07-08T03:59:00.644781,2026-07-08,Trieste,Hard,C,R16,Lukas Neumayer,Guido Ivan Justo,run_20260708T034903Z,match_e826bb24fb0686eab36c,feat_c20b5a3001963f315a42,167.0,238.0,0.5838,0.4162,0.6189,0.3811,0.5555,0.4445,0.7162,0.2838,-325.0,+230,1.3076923076923077,3.3,-4.0,(-120),(-110),21.5,(-110),(-120),-0.1324,nn,v1.2.1,v1.2.1,v1.2.0,v1.2.0,raw,prediction_log_v2,snapshot_v2,exact_feature_snapshot,pending,,True,,2026-07-08 03:55:42,7/8/26 12:10 PM,,,,,,,,live
pred_8419685497063fad15d8,2026-07-08T03:59:02.849149,2026-07-08,Trieste,Hard,C,R16,Henri Squire,Francesco Passaro,run_20260708T034903Z,match_c3ac5075663b82c5b1f6,feat_dd8b0cc195543b07130e,235.0,185.0,0.4611,0.5389,0.511,0.489,0.4735,0.5265,0.4085,0.5915,130.0,-170,2.3,1.5882352941176472,2.5,(-115),(-115),23.0,(-110),(-120),0.0526,nn,v1.2.1,v1.2.1,v1.2.0,v1.2.0,raw,prediction_log_v2,snapshot_v2,exact_feature_snapshot,pending,,True,,2026-07-08 03:55:43,7/8/26 2:45 PM,,,,,,,,live
pred_4a56f044c7c89e0351de,2026-07-08T03:59:05.052651,2026-07-08,Newport,Hard,C,R64,Mackenzie McDonald,Adam Walton,run_20260708T034903Z,match_9baf6755e8e32236c7ee,feat_1d36527f0cc8d9ea0d0a,145.0,85.0,0.7413,0.2587,0.2307,0.7693,0.3871,0.6129,0.4899,0.5101,-110.0,-120,1.9090909090909087,1.8333333333333333,0.5,(-120),(-110),23.0,(-115),(-115),0.2514,nn,v1.2.1,v1.2.1,v1.2.0,v1.2.0,raw,prediction_log_v2,snapshot_v2,exact_feature_snapshot,pending,,True,,2026-07-08 03:56:17,7/8/26 3:00 PM,,,,,,,,live
pred_ccc49cff88bb835f6e90,2026-07-08T03:59:07.253753,2026-07-08,Newport,Hard,C,R32,Aleksandar Vukic,Liam Broady,run_20260708T034903Z,match_e74d7995a74ff3a6e466,feat_c2f8f4dd553236b5bc2f,104.0,209.0,0.6103,0.3897,0.6112,0.3888,0.6041,0.3959,0.5,0.5,-115.0,-115,1.869565217391304,1.869565217391304,0.5,(-120),(-110),22.5,(-120),(-110),0.1103,nn,v1.2.1,v1.2.1,v1.2.0,v1.2.0,raw,prediction_log_v2,snapshot_v2,exact_feature_snapshot,pending,,True,,2026-07-08 03:56:18,7/8/26 4:30 PM,,,,,,,,live
pred_bb118aec4b4b38f9ccea,2026-07-08T03:59:09.444957,2026-07-08,Newport,Hard,C,R32,August Holmgren,Tristan Schoolkate,run_20260708T034903Z,match_64685c8dd2c2bb00e018,feat_c228dfa291f707ec61ee,143.0,149.0,0.4668,0.5332,0.4941,0.5059,0.5142,0.4858,0.4459,0.5541,110.0,-145,2.1,1.6896551724137931,1.0,(-110),(-120),23.5,(-115),(-115),0.0209,nn,v1.2.1,v1.2.1,v1.2.0,v1.2.0,raw,prediction_log_v2,snapshot_v2,exact_feature_snapshot,pending,,True,,2026-07-08 03:56:18,7/8/26 4:30 PM,,,,,,,,live
pred_e6c4a672e1054cf3400f,2026-07-08T03:59:11.648955,2026-07-08,Newport,Hard,C,R32,Bernard Tomic,Braden Shick,run_20260708T034903Z,match_36afe8a77e0ac3a98f76,feat_82c8dbbf292530419c32,204.0,325.0,0.3925,0.6075,0.4527,0.5473,0.5392,0.4608,0.6379,0.3621,-210.0,+160,1.4761904761904765,2.6,-3.0,(-110),(-120),22.0,(-120),(-110),-0.2454,nn,v1.2.1,v1.2.1,v1.2.0,v1.2.0,raw,prediction_log_v2,snapshot_v2,exact_feature_snapshot,pending,,True,,2026-07-08 03:56:19,7/8/26 4:30 PM,,,,,,,,live
pred_0cbaca22ef95f993bed8,2026-07-08T03:59:13.850987,2026-07-08,Newport,Hard,C,,Daniil Glinka,Bu Yunchaokete,run_20260708T034903Z,match_a6d5c2b6faf4eb3f47c2,feat_b0cc13d37c4f9fa8eb8e,168.0,107.0,0.2568,0.7432,0.305,0.695,0.36,0.64,0.2129,0.7871,340.0,-525,4.4,1.1904761904761905,4.0,(-110),(-120),22.0,(-105),(-125),0.0439,nn,v1.2.1,v1.2.1,v1.2.0,v1.2.0,raw,prediction_log_v2,snapshot_v2,exact_feature_snapshot,pending,,False,round_code=None,2026-07-08 03:56:20,7/8/26 7:30 PM,,,,,,,,live
pred_971aa441c52222209dac,2026-07-07T21:55:43.934024,2026-07-08,Testville,Hard,C,R32,Player A,Player B,,,,,,0.4,0.6,,,,,0.5,0.5,-110.0,-110,1.91,1.91,,,,,,,-0.1,nn,v1,v1,,,raw,legacy_v1,legacy_backfilled,legacy_fallback_match,pending,,False,round_code=None,,,,,,,,,,live
pred_e27f63d9d4330c59e2f9,2026-07-07T21:55:43.943962,2026-07-08,Testville,Hard,C,R32,Player A,Player B,,,,,,0.55,0.45,,,,,0.5,0.5,-110.0,-110,1.91,1.91,,,,,,,0.05,nn,v1,v1,,,raw,legacy_v1,legacy_backfilled,legacy_fallback_match,pending,,True,,,,,,,,,,,live
pred_a89ae6a60ebe4207f91f,2026-07-07T21:55:43.964094,2026-07-08,Testville,Hard,C,R32,Player A,Player B,,,,,,0.7,0.3,,,,,0.5,0.5,-110.0,-110,1.91,1.91,,,,,,,0.2,nn,v1,v1,,,raw,legacy_v1,legacy_backfilled,legacy_fallback_match,pending,,True,,,,,,,,,,,live
pred_cef9ba9cc3a595305dd9,2026-07-08T00:52:00.367094,2026-07-08,Men's Singles,Grass,G,QF,Taylor Fritz,Alexander Zverev,run_20260708T071952Z,match_4a28eddfe82ae0d4dae3,feat_7a03a7891d43816c3ba0,7.0,3.0,0.4071,0.5929,0.476,0.524,0.3409,0.6591,0.5564,0.4436,-140.0,+115,1.7142857142857144,2.15,-1.0,(-115),(-115),44.5,(-120),(-110),-0.1493,nn,v1.2.1,v1.2.1,v1.2.0,v1.2.0,raw,prediction_log_v2,snapshot_v2,exact_feature_snapshot,pending,,True,,2026-07-08 07:21:17,7/8/26 6:30 AM,,,,,,,,live
pred_e0bb564f7338387727f2,2026-07-08T00:52:01.510268,2026-07-08,Men's Singles,Grass,G,QF,Flavio Cobolli,Arthur Fery,run_20260708T071952Z,match_31841590ac8cd848beb2,feat_fd8f54571f470eddec43,10.0,114.0,0.7824,0.2176,0.7176,0.2824,0.666,0.334,0.7064,0.2936,-285.0,+225,1.350877192982456,3.25,-5.0,(-110),(-120),37.5,(-120),(-110),0.076,nn,v1.2.1,v1.2.1,v1.2.0,v1.2.0,raw,prediction_log_v2,snapshot_v2,exact_feature_snapshot,pending,,True,,2026-07-08 07:21:18,7/8/26 7:00 AM,,,,,,,,live
pred_715e69c9f89a1ec49bb3,2026-07-08T00:52:02.677323,2026-07-10,Men's Singles,Grass,G,SF,Jannik Sinner,Novak Djokovic,run_20260708T071952Z,match_3458169fde10bbcb35ba,feat_ab43c38b6e746e56688a,1.0,8.0,0.7679,0.2321,0.7805,0.2195,0.7075,0.2925,0.7864,0.2136,-450.0,+350,1.2222222222222223,4.5,-5.5,(-105),(-125),38.0,(-120),(-110),-0.0185,nn,v1.2.1,v1.2.1,v1.2.0,v1.2.0,raw,prediction_log_v2,snapshot_v2,exact_feature_snapshot,pending,,True,,2026-07-08 07:21:18,7/10/26 5:30 AM,,,,,,,,live
pred_447c4646a023ffb12286,2026-07-08T00:52:03.811644,2026-07-08,ITF Men Bucharest,Clay,15,R32,Ergi Kirkin,Valentin Vanta,run_20260708T071952Z,match_3cb075a8b66183e90f61,feat_3f4943012b1d809f76df,570.0,999.0,0.7271,0.2729,0.6732,0.3268,0.6713,0.3287,0.8381,0.1619,-900.0,+475,1.1111111111111112,5.75,-6.5,(-120),(-120),18.0,(-125),(-115),-0.111,nn,v1.2.1,v1.2.1,v1.2.0,v1.2.0,raw,prediction_log_v2,snapshot_v2,exact_feature_snapshot,pending,,True,,2026-07-08 07:21:20,7/8/26 1:00 AM,,,,,,,,live
pred_9554bfd8facfd9542b15,2026-07-08T00:52:04.918259,2026-07-08,ITF Men Bucharest,Clay,15,R32,Freddy Murray,Robert Guna,run_20260708T071952Z,match_024976f1d35b7b3d4197,feat_e1d6ca31fabc7b06f9dd,999.0,986.0,0.6296,0.3704,0.6026,0.3974,0.548,0.452,0.1036,0.8964,800.0,-2500,9.0,1.04,7.5,(-135),(-105),17.0,(-110),(-130),0.5261,nn,v1.2.1,v1.2.1,v1.2.0,v1.2.0,raw,prediction_log_v2,snapshot_v2,exact_feature_snapshot,pending,,False,"Player1_Height=default,Player2_Height=default",2026-07-08 07:21:21,7/8/26 1:00 AM,,,,,,,,live
pred_735b3c8747fc497823b2,2026-07-08T00:52:06.015224,2026-07-08,ITF Men Bucharest,Clay,15,R32,Aljaz Jeran,Dario Alexandru Ciobotaru,run_20260708T071952Z,match_8b3247a696068b3200cc,feat_dee6be20bd1e91d193a8,1037.0,999.0,0.4052,0.5948,0.4053,0.5947,0.4653,0.5347,0.8451,0.1549,-1000.0,+500,1.1,6.0,,,,,,,-0.4399,nn,v1.2.1,v1.2.1,v1.2.0,v1.2.0,raw,prediction_log_v2,snapshot_v2,exact_feature_snapshot,pending,,False,"P2_Rank_Volatility_90d=default,Player1_Height=default,Player2_Height=default",2026-07-08 07:21:21,7/8/26 2:30 AM,,,,,,,,live
pred_35ea7a68221618b84b1c,2026-07-08T00:52:07.116857,2026-07-08,ITF Men Bucharest,Clay,15,R32,Mircea Mortasifu,Henrik Bladelius,run_20260708T071952Z,match_2dba5550d02c1e8e43c0,feat_83e0584964b7aa1eddbf,999.0,999.0,0.3721,0.6279,0.3037,0.6963,0.3747,0.6253,0.0435,0.9565,2100.0,-100000,22.0,1.001,8.5,(-135),(-105),15.5,(-140),(EVEN),0.3286,nn,v1.2.1,v1.2.1,v1.2.0,v1.2.0,raw,prediction_log_v2,snapshot_v2,exact_feature_snapshot,pending,,False,"Player1_Height=default,Player2_Height=default",2026-07-08 07:21:22,7/8/26 2:30 AM,,,,,,,,live
pred_ed2f0edd6616f81a6270,2026-07-08T00:52:08.179528,2026-07-08,ITF Men Bucharest,Clay,15,R32,Niccolo Catini,Brendan Mcdonald,run_20260708T071952Z,match_97cf531a634cb15a2346,feat_86264db636e69fa7d852,910.0,999.0,0.291,0.709,0.4038,0.5962,0.4801,0.5199,0.8964,0.1036,-2500.0,+800,1.04,9.0,-7.0,(-120),(-120),17.5,(-110),(-130),-0.6054,nn,v1.2.1,v1.2.1,v1.2.0,v1.2.0,raw,prediction_log_v2,snapshot_v2,exact_feature_snapshot,pending,,False,Player2_Height=default,2026-07-08 07:21:22,7/8/26 2:30 AM,,,,,,,,live
pred_6742530438540911ede1,2026-07-08T00:52:09.282056,2026-07-08,ITF Men Bucharest,Clay,15,R32,William Mirarchi,Rares Andrei Golescu,run_20260708T071952Z,match_8259cf6a22ae7e30f230,feat_67958f91ca6a0c13512d,1425.0,999.0,0.7207,0.2793,0.8116,0.1884,0.6535,0.3465,0.8834,0.1166,-1800.0,+700,1.0555555555555556,8.0,-7.0,(-115),(-125),17.5,(EVEN),(-140),-0.1627,nn,v1.2.1,v1.2.1,v1.2.0,v1.2.0,raw,prediction_log_v2,snapshot_v2,exact_feature_snapshot,pending,,False,"Player1_Height=default,Player2_Height=default",2026-07-08 07:21:22,7/8/26 2:30 AM,,,,,,,,live
pred_2c3902b0607672af404c,2026-07-08T00:52:10.362194,2026-07-08,ITF Men Kursumlijska Banja,Clay,15,,Michael Minasyan,Antoni Fabre,run_20260708T071952Z,match_ccb985a4782b167b3070,feat_76d71dccaa73edffa79b,999.0,1276.0,0.6977,0.3023,0.6644,0.3356,0.5754,0.4246,0.5,0.5,-120.0,-120,1.8333333333333337,1.8333333333333337,-120.0,(-120),(-120),20.5,(-120),(-120),0.1977,nn,v1.2.1,v1.2.1,v1.2.0,v1.2.0,raw,prediction_log_v2,snapshot_v2,exact_feature_snapshot,pending,,False,"Player1_Height=default,Player2_Height=default,round_code=None",2026-07-08 07:21:27,7/8/26 1:30 AM,,,,,,,,live
pred_3cf89c0161eee8da9992,2026-07-08T00:52:11.450431,2026-07-08,ITF Men Kursumlijska Banja,Clay,15,,Fedor Sosedkin,Leonardo Cattaneo,run_20260708T071952Z,match_5d64f5d5522fb01e92f3,feat_25bd669dcc5d1c07553f,999.0,999.0,0.4281,0.5719,0.3365,0.6635,0.4302,0.5698,0.1036,0.8964,800.0,-2500,9.0,1.04,7.0,(-120),(-120),17.0,(-135),(-105),0.3245,nn,v1.2.1,v1.2.1,v1.2.0,v1.2.0,raw,prediction_log_v2,snapshot_v2,exact_feature_snapshot,pending,,False,"P2_Rank_Volatility_90d=default,Player1_Height=default,Player2_Height=default,round_code=None",2026-07-08 07:21:27,7/8/26 1:35 AM,,,,,,,,live
pred_50903b0df13e5200ecd6,2026-07-08T00:52:12.542420,2026-07-08,ITF Men Kursumlijska Banja,Clay,15,,Alen Mujakic,Alessandro Bellifemine,run_20260708T071952Z,match_b8ce679124833a92869f,feat_9faa7d025c25a626d05c,1236.0,1675.0,0.4965,0.5035,0.6163,0.3837,0.5501,0.4499,0.519,0.481,-130.0,-110,1.7692307692307692,1.9090909090909092,-1.0,(-120),(-120),21.0,(-120),(-120),-0.0225,nn,v1.2.1,v1.2.1,v1.2.0,v1.2.0,raw,prediction_log_v2,snapshot_v2,exact_feature_snapshot,pending,,False,"Player1_Height=default,round_code=None",2026-07-08 07:21:28,7/8/26 4:00 AM,,,,,,,,live
pred_2f9f9de02ed1bff9ce73,2026-07-08T00:52:13.690425,2026-07-08,ITF Men Kursumlijska Banja,Clay,15,,Anton Arzhankin,Mario Arce Fernandez,run_20260708T071952Z,match_e066b7b291721fbba8a4,feat_11631ecf1498528d129c,793.0,575.0,0.6552,0.3448,0.6915,0.3085,0.5391,0.4609,0.8225,0.1775,-750.0,+425,1.1333333333333333,5.25,-6.0,(-115),(-125),,,,-0.1673,nn,v1.2.1,v1.2.1,v1.2.0,v1.2.0,raw,prediction_log_v2,snapshot_v2,exact_feature_snapshot,pending,,False,"Player1_Height=default,Player2_Height=default,round_code=None",2026-07-08 07:21:28,7/8/26 4:00 AM,,,,,,,,live
pred_712cdb51a628948f85f9,2026-07-08T00:52:14.782874,2026-07-08,ITF Men Kursumlijska Banja,Clay,15,,Marko Bekeni,Semen Pankin,run_20260708T071952Z,match_99208963070d1c3263bd,feat_7c76f68e8667506ea39b,1892.0,436.0,0.2724,0.7276,0.1241,0.8759,0.1867,0.8133,0.2402,0.7598,285.0,-460,3.85,1.2173913043478262,5.5,(-120),(-120),19.0,(-125),(-115),0.0322,nn,v1.2.1,v1.2.1,v1.2.0,v1.2.0,raw,prediction_log_v2,snapshot_v2,exact_feature_snapshot,pending,,False,"Player1_Height=default,round_code=None",2026-07-08 07:21:29,7/8/26 4:00 AM,,,,,,,,live
pred_dc26832f581b4aca550a,2026-07-08T00:52:15.911944,2026-07-08,ITF Men Kursumlijska Banja,Clay,15,,Ognjen Milic,Jorge Plans,run_20260708T071952Z,match_edf67c1d18b8ae16127d,feat_686a551009f87f527b83,357.0,825.0,0.8846,0.1154,0.7975,0.2025,0.6971,0.3029,0.9277,0.0723,-7500.0,+1200,1.0133333333333334,13.0,,,,,,,-0.0431,nn,v1.2.1,v1.2.1,v1.2.0,v1.2.0,raw,prediction_log_v2,snapshot_v2,exact_feature_snapshot,pending,,False,"Player2_Height=default,round_code=None",2026-07-08 07:21:29,7/8/26 4:00 AM,,,,,,,,live
pred_4210660d1222be064b4b,2026-07-08T00:52:17.018710,2026-07-08,ITF Men Kursumlijska Banja,Clay,15,,Aaron Gil Garcia,Dusan Obradovic,run_20260708T071952Z,match_ac9112b3bffbe7579479,feat_c535acab28ed25449818,1280.0,515.0,0.2537,0.7463,0.166,0.834,0.2063,0.7937,0.0849,0.9151,1000.0,-5000,11.0,1.02,6.5,(-115),(-125),,,,0.1688,nn,v1.2.1,v1.2.1,v1.2.0,v1.2.0,raw,prediction_log_v2,snapshot_v2,exact_feature_snapshot,pending,,False,round_code=None,2026-07-08 07:21:29,7/8/26 5:35 AM,,,,,,,,live
pred_2604cb199c3742782f3e,2026-07-08T00:52:18.112428,2026-07-08,ITF Men Kursumlijska Banja,Clay,15,,Benoit Torcq,Alejandro Melero Kretzer,run_20260708T071952Z,match_1211ad71fd384f8be517,feat_4b0f37e56e74d310c6a7,999.0,1104.0,0.6368,0.3632,0.4894,0.5106,0.4874,0.5126,0.3778,0.6222,145.0,-205,2.45,1.4878048780487805,3.5,(-120),(-120),20.5,(-120),(-120),0.259,nn,v1.2.1,v1.2.1,v1.2.0,v1.2.0,raw,prediction_log_v2,snapshot_v2,exact_feature_snapshot,pending,,False,"Player1_Height=default,Player2_Height=default,round_code=None",2026-07-08 07:21:29,7/8/26 5:35 AM,,,,,,,,live
pred_037210f82c851b1f6976,2026-07-08T00:52:19.230004,2026-07-08,ITF Men Kursumlijska Banja,Clay,15,,Kristijan Juhas,Denis Klok,run_20260708T071952Z,match_71b6a4d85fea23aa675c,feat_967758e40d82ed266e26,906.0,999.0,0.5425,0.4575,0.7599,0.2401,0.597,0.403,0.6444,0.3556,-230.0,+160,1.434782608695652,2.6,-3.5,(-130),(-110),20.5,(-115),(-125),-0.1019,nn,v1.2.1,v1.2.1,v1.2.0,v1.2.0,raw,prediction_log_v2,snapshot_v2,exact_feature_snapshot,pending,,False,"Player2_Height=default,round_code=None",2026-07-08 07:21:30,7/8/26 5:35 AM,,,,,,,,live
pred_47bc3e03cdebdaade93f,2026-07-08T00:52:20.344884,2026-07-08,ITF Men Kursumlijska Banja,Clay,15,,Timofei Derepasko,Marko Milosavljevic,run_20260708T071952Z,match_c184596d7d19a30038b6,feat_3161b2dcfd4cc4db3dc5,758.0,1258.0,0.5214,0.4786,0.5379,0.4621,0.5703,0.4297,0.7106,0.2894,-330.0,+220,1.303030303030303,3.2,-4.5,(-110),(-130),21.0,(-125),(-115),-0.1893,nn,v1.2.1,v1.2.1,v1.2.0,v1.2.0,raw,prediction_log_v2,snapshot_v2,exact_feature_snapshot,pending,,False,"Player2_Height=default,round_code=None",2026-07-08 07:21:30,7/8/26 5:35 AM,,,,,,,,live
pred_2680e582d3ed9325178f,2026-07-08T00:52:21.435124,2026-07-08,ITF Men Kursumlijska Banja,Clay,15,,Vlado Jankanj,Aaron Funk,run_20260708T071952Z,match_14f9ae2d31f6e626730b,feat_1157a9d9a6370489ad3b,1109.0,987.0,0.508,0.492,0.5498,0.4502,0.5171,0.4829,0.5989,0.4011,-185.0,+130,1.5405405405405406,2.3,-3.0,(-115),(-125),21.0,(-120),(-120),-0.0909,nn,v1.2.1,v1.2.1,v1.2.0,v1.2.0,raw,prediction_log_v2,snapshot_v2,exact_feature_snapshot,pending,,False,"Player2_Height=default,round_code=None",2026-07-08 07:21:31,7/8/26 5:35 AM,,,,,,,,live
pred_ec57549ba95e534cd655,2026-07-08T00:52:22.558052,2026-07-08,ITF Men Kursumlijska Banja,Clay,15,,Pedro Vives Marcos,Valerio Bracci,run_20260708T071952Z,match_a6dbe926e95d879fbbca,feat_72d4bc18b16e32ca8aa3,534.0,999.0,0.651,0.349,0.7276,0.2724,0.6693,0.3307,0.5,0.5,,,,,-9.0,(+110),(-155),15.0,(-155),(+110),0.151,nn,v1.2.1,v1.2.1,v1.2.0,v1.2.0,raw,prediction_log_v2,snapshot_v2,exact_feature_snapshot,pending,,False,"Player2_Height=default,round_code=None",2026-07-08 07:21:31,7/8/26 7:00 AM,,,,,,,,live
pred_f8b631a49478090764cb,2026-07-08T00:52:23.657680,2026-07-08,ITF Men Kursumlijska Banja,Clay,15,,Uros Zivkovic,Milos Mikovic,run_20260708T071952Z,match_891ac87c4a2aff67a8b4,feat_b66fdaa35131d51f2a7f,999.0,999.0,0.5165,0.4835,0.3704,0.6296,0.4671,0.5329,0.0455,0.9545,2000.0,-50000,21.0,1.002,8.5,(-115),(-125),15.5,(-115),(-125),0.4709,nn,v1.2.1,v1.2.1,v1.2.0,v1.2.0,raw,prediction_log_v2,snapshot_v2,exact_feature_snapshot,pending,,False,"P2_Rank_Volatility_90d=default,Player1_Height=default,Player2_Height=default,round_code=None",2026-07-08 07:21:32,7/8/26 7:05 AM,,,,,,,,live
pred_2656cbf5cfcc69d58c3e,2026-07-08T00:52:24.797517,2026-07-08,ITF Men Bastia-Lucciana,Hard,15,,Benjamin Pietri,Pablo Pradat,run_20260708T071952Z,match_f86a038ab802da813718,feat_cd3dd9b0198b447a8fd9,,,,,,,,,0.8225,0.1775,-750.0,+425,1.1333333333333333,5.25,,,,18.0,(-135),(-105),,nn,,,,,,prediction_log_v2,snapshot_v2,exact_feature_snapshot,pending,,True,,2026-07-08 07:21:35,7/8/26 12:30 AM,,,,,,,,live
pred_f35bcdd58fbb7d963e54,2026-07-08T00:52:25.955125,2026-07-08,ITF Men Bastia-Lucciana,Hard,15,,Valentin Lapalu,Axel Garcian,run_20260708T071952Z,match_43408dd13b2ee064e8ba,feat_1472bc10ff95442e4c42,,,,,,,,,0.3938,0.6062,135.0,-190,2.35,1.526315789473684,3.0,(-120),(-120),20.5,(-125),(-115),,nn,,,,,,prediction_log_v2,snapshot_v2,exact_feature_snapshot,pending,,True,,2026-07-08 07:21:36,7/8/26 12:30 AM,,,,,,,,live
pred_79a5b11e062eca41f4c6,2026-07-08T00:52:27.090506,2026-07-08,ITF Men Bastia-Lucciana,Hard,15,,Yanis Ghazouani Durand,Tanguy Genier,run_20260708T071952Z,match_8cfc53594d697787f75c,feat_00e8f38649a02be7d75e,,,,,,,,,0.6305,0.3695,-215.0,+150,1.4651162790697674,2.5,-3.5,(-120),(-120),20.5,(-125),(-115),,nn,,,,,,prediction_log_v2,snapshot_v2,exact_feature_snapshot,pending,,True,,2026-07-08 07:21:36,7/8/26 12:30 AM,,,,,,,,live
pred_424ca673668015de9131,2026-07-08T00:52:28.269332,2026-07-08,ITF Men Bastia-Lucciana,Hard,15,,Arthur Bonnaud,Alexander Weis,run_20260708T071952Z,match_54b048c9a247ca35379b,feat_5cedd48d35f02acb9e5b,1443.0,629.0,0.2886,0.7114,0.4112,0.5888,0.2858,0.7142,0.1241,0.8759,650.0,-1600,7.5,1.0625,6.5,(-135),(-105),18.5,(-110),(-130),0.1645,nn,v1.2.1,v1.2.1,v1.2.0,v1.2.0,raw,prediction_log_v2,snapshot_v2,exact_feature_snapshot,pending,,False,round_code=None,2026-07-08 07:21:37,7/8/26 2:00 AM,,,,,,,,live
pred_5ac4f29c134b86cfa484,2026-07-08T00:52:29.388493,2026-07-08,ITF Men Bastia-Lucciana,Hard,15,,Denis Constantin Spiridon,Tristan Berard,run_20260708T071952Z,match_356478c056f69a890b90,feat_a3eacd908ff074b9becc,1234.0,959.0,0.3668,0.6332,0.4599,0.5401,0.4327,0.5673,0.4393,0.5607,110.0,-155,2.1,1.6451612903225803,2.0,(-120),(-120),21.0,(-115),(-125),-0.0725,nn,v1.2.1,v1.2.1,v1.2.0,v1.2.0,raw,prediction_log_v2,snapshot_v2,exact_feature_snapshot,pending,,False,"Player2_Height=default,round_code=None",2026-07-08 07:21:37,7/8/26 2:00 AM,,,,,,,,live
pred_436d90b083390b82826f,2026-07-08T00:52:30.507955,2026-07-08,ITF Men Bastia-Lucciana,Hard,15,,Florent Bax,Justin Lenders,run_20260708T071952Z,match_c6bd8d05e140d820f881,feat_514f311c3a53562e0373,262.0,999.0,0.8779,0.1221,0.911,0.089,0.8677,0.1323,0.9277,0.0723,-7500.0,+1200,1.0133333333333334,13.0,-6.5,(-115),(-125),18.5,(-120),(-120),-0.0498,nn,v1.2.1,v1.2.1,v1.2.0,v1.2.0,raw,prediction_log_v2,snapshot_v2,exact_feature_snapshot,pending,,False,"Player2_Height=default,round_code=None",2026-07-08 07:21:37,7/8/26 2:00 AM,,,,,,,,live
pred_45173d9516f58f122719,2026-07-08T00:52:31.615395,2026-07-08,ITF Men Bastia-Lucciana,Hard,15,,Gabriele Vulpitta,Nicolo Toffanin,run_20260708T071952Z,match_95647512cd19ab06c0fe,feat_db8ff21e5044568986ee,999.0,1174.0,0.6599,0.3401,0.6597,0.3403,0.4952,0.5048,0.7534,0.2466,-440.0,+275,1.2272727272727273,3.75,-5.5,(-115),(-125),19.0,(-125),(-115),-0.0935,nn,v1.2.1,v1.2.1,v1.2.0,v1.2.0,raw,prediction_log_v2,snapshot_v2,exact_feature_snapshot,pending,,False,"Player1_Height=default,Player2_Height=default,round_code=None",2026-07-08 07:21:38,7/8/26 8:30 AM,,,,,,,,live
pred_1934db5bf5ead930715c,2026-07-08T00:52:32.803630,2026-07-08,ITF Men Bastia-Lucciana,Hard,15,,Laurent Lokoli,Mathieu Scaglia,run_20260708T071952Z,match_8704751386cfa433c8cc,feat_1e377b16f0aac8ca3b61,476.0,1087.0,0.6887,0.3113,0.6795,0.3205,0.6954,0.3046,0.9151,0.0849,-5000.0,+1000,1.02,11.0,-6.5,(-130),(-110),17.5,(-135),(-105),-0.2264,nn,v1.2.1,v1.2.1,v1.2.0,v1.2.0,raw,prediction_log_v2,snapshot_v2,exact_feature_snapshot,pending,,False,round_code=None,2026-07-08 07:21:38,7/8/26 8:30 AM,,,,,,,,live
pred_90162fe53f13c89f4f2b,2026-07-08T00:52:33.920025,2026-07-08,ITF Men Bastia-Lucciana,Hard,15,,Mikail Alimli,Damien Salvestre,run_20260708T071952Z,match_79dfb92f1a2310f53fcd,feat_f58276a80bd5fb77e313,1313.0,1426.0,0.5241,0.4759,0.4742,0.5258,0.4631,0.5369,0.3188,0.6812,190.0,-280,2.9,1.3571428571428572,4.0,(-125),(-115),21.0,(-120),(-120),0.2054,nn,v1.2.1,v1.2.1,v1.2.0,v1.2.0,raw,prediction_log_v2,snapshot_v2,exact_feature_snapshot,pending,,False,"Player2_Height=default,round_code=None",2026-07-08 07:21:39,7/8/26 8:30 AM,,,,,,,,live
pred_b10b1fe5d8a3e03d961e,2026-07-08T00:52:35.050676,2026-07-08,ITF Men Bastia-Lucciana,Hard,15,,Leonardo Primucci,Henri Haupt,run_20260708T071952Z,match_b7c1df9d90843679fec8,feat_3a9305dfafff971adfac,1169.0,999.0,0.5794,0.4206,0.4359,0.5641,0.5106,0.4894,0.8617,0.1383,-1200.0,+575,1.0833333333333333,6.75,-6.5,(-110),(-130),18.0,(-130),(-110),-0.2823,nn,v1.2.1,v1.2.1,v1.2.0,v1.2.0,raw,prediction_log_v2,snapshot_v2,exact_feature_snapshot,pending,,False,"Player1_Height=default,Player2_Height=default,round_code=None",2026-07-08 07:21:39,7/8/26 9:30 AM,,,,,,,,live
pred_c231ab9cd382b657d3b5,2026-07-08T00:52:36.113985,2026-07-09,ITF Men Bastia-Lucciana,Hard,15,,Alejandro Arcila,Rodrigo Alujas,run_20260708T071952Z,match_46cb3f0124dcc493285b,feat_0c885b9af58d363cd632,1104.0,777.0,0.3702,0.6298,0.2848,0.7152,0.3315,0.6685,0.4905,0.5095,-115.0,-125,1.869565217391304,1.8,0.5,(-125),(-115),21.5,(-120),(-120),-0.1203,nn,v1.2.1,v1.2.1,v1.2.0,v1.2.0,raw,prediction_log_v2,snapshot_v2,exact_feature_snapshot,pending,,False,"Player1_Height=default,round_code=None",2026-07-08 07:21:40,7/9/26 1:00 AM,,,,,,,,live
pred_6b75d3f940d6e4443e23,2026-07-08T00:52:37.229377,2026-07-08,Braunschweig,Clay,C,R16,Diego Dedura,Dalibor Svrcina,run_20260708T071952Z,match_b5788b59953748c65298,feat_c00970bd92e0f1bffd37,999.0,112.0,0.1975,0.8025,0.3278,0.6722,0.2222,0.7778,0.3621,0.6379,160.0,-210,2.6,1.4761904761904765,3.5,(-120),(-110),21.5,(-110),(-120),-0.1646,nn,v1.2.1,v1.2.1,v1.2.0,v1.2.0,raw,prediction_log_v2,snapshot_v2,exact_feature_snapshot,pending,,True,,2026-07-08 07:21:42,7/8/26 2:00 AM,,,,,,,,live
pred_c727b4acf098def8fb99,2026-07-08T00:52:38.331476,2026-07-08,Braunschweig,Clay,C,R16,Max Schoenhaus,Laslo Djere,run_20260708T071952Z,match_549fd32540e5e791f673,feat_a1fe81e0b3e810dc70ba,335.0,234.0,0.3573,0.6427,0.3938,0.6062,0.4013,0.5987,0.3232,0.6768,190.0,-260,2.9,1.3846153846153846,3.5,(-105),(-125),22.0,(-110),(-120),0.0341,nn,v1.2.1,v1.2.1,v1.2.0,v1.2.0,raw,prediction_log_v2,snapshot_v2,exact_feature_snapshot,pending,,True,,2026-07-08 07:21:42,7/8/26 3:10 AM,,,,,,,,live
pred_ad0f89f4257206c0e0aa,2026-07-08T00:52:39.510963,2026-07-08,Braunschweig,Clay,C,R16,Daniel Rincon,Sebastian Ofner,run_20260708T071952Z,match_0cd3ccab2517cec448bc,feat_dbb1cacf7ce1fa573456,261.0,110.0,0.4907,0.5093,0.4221,0.5779,0.3951,0.6049,0.25,0.75,275.0,-400,3.75,1.25,4.0,(-110),(-120),21.5,(-115),(-115),0.2407,nn,v1.2.1,v1.2.1,v1.2.0,v1.2.0,raw,prediction_log_v2,snapshot_v2,exact_feature_snapshot,pending,,True,,2026-07-08 07:21:42,7/8/26 4:20 AM,,,,,,,,live
pred_2b1414a16639440f3483,2026-07-08T00:52:40.602285,2026-07-08,Braunschweig,Clay,C,R16,Jan Choinski,Max Hans Rehberg,run_20260708T071952Z,match_a3eccb30365c98fcb6c4,feat_8aea5c79d3e441bfb197,100.0,510.0,0.6341,0.3659,0.6712,0.3288,0.6852,0.3148,0.5993,0.4007,-175.0,+135,1.5714285714285714,2.35,-2.5,(-110),(-120),22.5,(-115),(-115),0.0348,nn,v1.2.1,v1.2.1,v1.2.0,v1.2.0,raw,prediction_log_v2,snapshot_v2,exact_feature_snapshot,pending,,True,,2026-07-08 07:21:43,7/8/26 7:30 AM,,,,,,,,live
pred_1f96049e080a92c1139e,2026-07-08T00:52:41.680170,2026-07-08,Liege,Clay,C,R16,Emilien Demanet,Lorenzo Giustino,run_20260708T071952Z,match_8303bc08b579846aaf0a,feat_bff56402f14f77799ed9,588.0,226.0,0.3827,0.6173,0.3526,0.6474,0.3666,0.6334,0.3621,0.6379,160.0,-210,2.6,1.4761904761904765,3.0,(-110),(-120),22.0,(-110),(-120),0.0206,nn,v1.2.1,v1.2.1,v1.2.0,v1.2.0,raw,prediction_log_v2,snapshot_v2,exact_feature_snapshot,pending,,True,,2026-07-08 07:21:45,7/8/26 2:00 AM,,,,,,,,live
pred_209d20c6b6915a204271,2026-07-08T00:52:42.779831,2026-07-08,Liege,Clay,C,R16,Luca Staeheli,Jack Loge,run_20260708T071952Z,match_750335bcd45764ab2146,feat_e53d0499dfe59a5a4ee6,589.0,426.0,0.4997,0.5003,0.527,0.473,0.4704,0.5296,0.5101,0.4899,-120.0,-110,1.8333333333333337,1.9090909090909092,-0.5,(-115),(-115),21.5,(-120),(-110),-0.0105,nn,v1.2.1,v1.2.1,v1.2.0,v1.2.0,raw,prediction_log_v2,snapshot_v2,exact_feature_snapshot,pending,,True,,2026-07-08 07:21:45,7/8/26 3:10 AM,,,,,,,,live
pred_b3342104f6ca61c432ab,2026-07-08T00:52:43.927554,2026-07-08,Liege,Clay,C,R16,Sandro Kopp,Manas Manoj Dhamne,run_20260708T071952Z,match_ae62dac838ea9df6dff6,feat_683d9cccdd6b0dd6c313,293.0,999.0,0.8186,0.1814,0.8682,0.1318,0.7277,0.2723,0.664,0.336,-240.0,+180,1.4166666666666667,2.8,-3.5,(-125),(-105),21.0,(-120),(-110),0.1546,nn,v1.2.1,v1.2.1,v1.2.0,v1.2.0,raw,prediction_log_v2,snapshot_v2,exact_feature_snapshot,pending,,True,,2026-07-08 07:21:46,7/8/26 4:20 AM,,,,,,,,live
pred_de80a42bb312de082aed,2026-07-08T00:52:45.162229,2026-07-08,Liege,Clay,C,R16,Miguel Damas,Gilles Arnaud Bailly,run_20260708T071952Z,match_9a960d32762161968f5b,feat_36cdf09a5a3ccfa14436,280.0,210.0,0.4653,0.5347,0.4965,0.5035,0.4201,0.5799,0.4279,0.5721,120.0,-155,2.2,1.6451612903225803,2.0,(-110),(-120),21.5,(-115),(-115),0.0375,nn,v1.2.1,v1.2.1,v1.2.0,v1.2.0,raw,prediction_log_v2,snapshot_v2,exact_feature_snapshot,pending,,True,,2026-07-08 07:21:46,7/8/26 8:00 AM,,,,,,,,live
pred_e7ac9c4f5ecc9c0f8a57,2026-07-08T00:52:46.262508,2026-07-08,ITF Men Hillcrest,Hard,15,,Filip Peliwo,Chirag Duhan,run_20260708T071952Z,match_d21063bf31ff70dca22b,feat_5da636925bdcfd7bc676,,,,,,,,,0.7534,0.2466,-440.0,+275,1.2272727272727273,3.75,-4.5,(-110),(-130),20.5,(-120),(-120),,nn,,,,,,prediction_log_v2,snapshot_v2,exact_feature_snapshot,pending,,True,,2026-07-08 07:21:49,7/8/26 12:30 AM,,,,,,,,live
pred_b87e4a17c92454214970,2026-07-08T00:52:47.355151,2026-07-08,ITF Men Hillcrest,Hard,15,,James Hart,James Beaven,run_20260708T071952Z,match_bcde0ef7d3cabc175fac,feat_4eee816a4bfcc9d6d756,,,,,,,,,0.1099,0.8901,750.0,-2000,8.5,1.05,,,,,,,,nn,,,,,,prediction_log_v2,snapshot_v2,exact_feature_snapshot,pending,,True,,2026-07-08 07:21:49,7/8/26 12:30 AM,,,,,,,,live
pred_ae7babe7ee808447c981,2026-07-08T00:52:48.422819,2026-07-08,ITF Men Hillcrest,Hard,15,,Ofek Shimanov,Stefan Vujic,run_20260708T071952Z,match_33f8c301f238b25d61ce,feat_1ff846c33f832cc01d20,,,,,,,,,0.6222,0.3778,-205.0,+145,1.4878048780487805,2.45,-3.0,(-115),(-125),22.0,(-115),(-125),,nn,,,,,,prediction_log_v2,snapshot_v2,exact_feature_snapshot,pending,,True,,2026-07-08 07:21:50,7/8/26 12:30 AM,,,,,,,,live
pred_0bb93c7fd35a570d4cc6,2026-07-08T00:52:49.497337,2026-07-08,ITF Men Hillcrest,Hard,15,,Giulio Perego,Kris van Wyk,run_20260708T071952Z,match_cfc85aab293cc3e4bbe4,feat_422e532ce894696ecff5,988.0,843.0,0.3708,0.6292,0.3848,0.6152,0.4277,0.5723,0.5607,0.4393,-155.0,+110,1.6451612903225803,2.1,-2.0,(-120),(-120),21.5,(-115),(-125),-0.1899,nn,v1.2.1,v1.2.1,v1.2.0,v1.2.0,raw,prediction_log_v2,snapshot_v2,exact_feature_snapshot,pending,,False,round_code=None,2026-07-08 07:21:50,7/8/26 1:30 AM,,,,,,,,live
pred_6f1faa8315a2f760d386,2026-07-08T00:52:50.572012,2026-07-08,ITF Men Hillcrest,Hard,15,,Kriish Tyagi,Filippo Francesco Garbero,run_20260708T071952Z,match_ff1372528d78b271119a,feat_b92ef1afba44893a6a5e,1013.0,1171.0,0.5398,0.4602,0.5439,0.4561,0.5136,0.4864,0.6154,0.3846,-200.0,+140,1.5,2.4,-3.5,(-115),(-125),21.0,(-115),(-125),-0.0756,nn,v1.2.1,v1.2.1,v1.2.0,v1.2.0,raw,prediction_log_v2,snapshot_v2,exact_feature_snapshot,pending,,False,"Player1_Height=default,Player2_Height=default,round_code=None",2026-07-08 07:21:50,7/8/26 1:30 AM,,,,,,,,live
pred_d309faef718e09c415b2,2026-07-08T00:52:51.650287,2026-07-08,ITF Men Hillcrest,Hard,15,,Udit Kamboj,Alec Deckers,run_20260708T071952Z,match_98cebd36562d2e55dd0e,feat_ab4e4df79897ae0b314e,1231.0,552.0,0.202,0.798,0.1844,0.8156,0.242,0.758,0.1166,0.8834,700.0,-1800,8.0,1.0555555555555556,5.5,(-110),(-130),19.0,(-125),(-115),0.0854,nn,v1.2.1,v1.2.1,v1.2.0,v1.2.0,raw,prediction_log_v2,snapshot_v2,exact_feature_snapshot,pending,,False,round_code=None,2026-07-08 07:21:51,7/8/26 1:30 AM,,,,,,,,live
pred_b04655b05a0e76679c4b,2026-07-08T00:52:52.713325,2026-07-08,ITF Men Hillcrest,Hard,15,,Charlie Robertson,Ty Host,run_20260708T071952Z,match_4e093f1abde6f9ff2400,feat_a0aa17acae34f48ee15c,1001.0,999.0,0.5287,0.4713,0.3971,0.6029,0.4433,0.5567,0.7106,0.2894,-330.0,+220,1.303030303030303,3.2,-4.5,(-105),(-135),21.0,(-120),(-120),-0.1819,nn,v1.2.1,v1.2.1,v1.2.0,v1.2.0,raw,prediction_log_v2,snapshot_v2,exact_feature_snapshot,pending,,False,"Player2_Height=default,round_code=None",2026-07-08 07:21:51,7/8/26 3:00 AM,,,,,,,,live
pred_f2496891cb6d3d9ce974,2026-07-08T00:52:53.800049,2026-07-09,ITF Men Hillcrest,Hard,15,,Zsombor Velcz,Jordan Hasson,run_20260708T071952Z,match_8bd9f0315d74cb3c2fc4,feat_c7678a0579a421ef2144,1210.0,1319.0,0.472,0.528,0.5162,0.4838,0.4907,0.5093,0.7358,0.2642,-390.0,+250,1.2564102564102564,3.5,-4.5,(-115),(-125),20.5,(-115),(-125),-0.2639,nn,v1.2.1,v1.2.1,v1.2.0,v1.2.0,raw,prediction_log_v2,snapshot_v2,exact_feature_snapshot,pending,,False,round_code=None,2026-07-08 07:21:52,7/9/26 12:30 AM,,,,,,,,live
pred_738bbbbec3761ebd6e1b,2026-07-08T00:52:54.871452,2026-07-08,ITF Men Lodz,Clay,15,R32,Aleksandr Braynin,Jan Wygona,run_20260708T071952Z,match_10956bebe11b7df12561,feat_e9d657528b691c8bfb21,751.0,999.0,0.5683,0.4317,0.5708,0.4292,0.5845,0.4155,0.8563,0.1437,-1100.0,+550,1.0909090909090908,6.5,-5.5,(-125),(-115),19.0,(-130),(-110),-0.288,nn,v1.2.1,v1.2.1,v1.2.0,v1.2.0,raw,prediction_log_v2,snapshot_v2,exact_feature_snapshot,pending,,False,Player2_Height=default,2026-07-08 07:21:56,7/8/26 1:00 AM,,,,,,,,live
pred_50ad1b1077260ee4ce95,2026-07-08T00:52:55.962479,2026-07-08,ITF Men Lodz,Clay,15,R32,Lorenzo Balducci,Antoni Kasperski,run_20260708T071952Z,match_2577e2719a84270e10a5,feat_c01907ce617f4b7317d1,999.0,999.0,0.6802,0.3198,0.7936,0.2064,0.6026,0.3974,0.7864,0.2136,-550.0,+335,1.181818181818182,4.35,,,,,,,-0.1061,nn,v1.2.1,v1.2.1,v1.2.0,v1.2.0,raw,prediction_log_v2,snapshot_v2,exact_feature_snapshot,pending,,False,"Player1_Height=default,Player2_Height=default",2026-07-08 07:21:56,7/8/26 1:00 AM,,,,,,,,live
pred_4ecf78c7f9b7c4de4777,2026-07-08T00:52:57.199314,2026-07-08,ITF Men Lodz,Clay,15,R32,Marcello Serafini,Leonardo Rossi,run_20260708T071952Z,match_ba443eae3550dd2b16ce,feat_f3796fda345dc0d285c0,1114.0,607.0,0.4807,0.5193,0.5498,0.4502,0.4029,0.5971,0.4713,0.5287,-105.0,-135,1.9523809523809523,1.7407407407407407,1.0,(-120),(-120),21.5,(-120),(-120),0.0094,nn,v1.2.1,v1.2.1,v1.2.0,v1.2.0,raw,prediction_log_v2,snapshot_v2,exact_feature_snapshot,pending,,True,,2026-07-08 07:21:57,7/8/26 1:00 AM,,,,,,,,live
pred_4e1e0049b1913ef887d1,2026-07-08T00:52:58.338524,2026-07-08,ITF Men Lodz,Clay,15,R32,Oliwier Sterniczuk,Jeremy Gschwendtner,run_20260708T071952Z,match_e7a37b08871bfb295846,feat_13ea6a24c269447b1782,999.0,953.0,0.5007,0.4993,0.3272,0.6728,0.3983,0.6017,0.186,0.814,400.0,-700,5.0,1.1428571428571428,5.5,(-105),(-135),19.0,(-115),(-125),0.3146,nn,v1.2.1,v1.2.1,v1.2.0,v1.2.0,raw,prediction_log_v2,snapshot_v2,exact_feature_snapshot,pending,,False,"Player1_Height=default,Player2_Height=default",2026-07-08 07:21:57,7/8/26 1:00 AM,,,,,,,,live
pred_7f58786e528b33c81bc3,2026-07-08T00:52:59.432668,2026-07-08,ITF Men Lodz,Clay,15,R32,Jan Chlodnicki,Alan Bojarski,run_20260708T071952Z,match_939bab025faa90d34bcb,feat_16aa3cb782b19de076a7,999.0,999.0,0.2553,0.7447,0.1827,0.8173,0.4006,0.5994,0.3484,0.6516,165.0,-240,2.65,1.4166666666666667,4.0,(-125),(-115),20.0,(-120),(-120),-0.0931,nn,v1.2.1,v1.2.1,v1.2.0,v1.2.0,raw,prediction_log_v2,snapshot_v2,exact_feature_snapshot,pending,,False,"P2_Rank_Volatility_90d=default,Player1_Height=default",2026-07-08 07:21:57,7/8/26 2:00 AM,,,,,,,,live
pred_dfab9985d353bed9312a,2026-07-08T00:53:00.515347,2026-07-08,ITF Men Lodz,Clay,15,R32,Linus Lagerbohm,Patrik Homola,run_20260708T071952Z,match_c72c85e802dd9fe63593,feat_d258c21508e684124391,999.0,999.0,0.3832,0.6168,0.2894,0.7106,0.3661,0.6339,0.5516,0.4484,-150.0,+105,1.6666666666666663,2.05,-2.0,(-115),(-125),21.0,(-120),(-120),-0.1684,nn,v1.2.1,v1.2.1,v1.2.0,v1.2.0,raw,prediction_log_v2,snapshot_v2,exact_feature_snapshot,pending,,False,"Player1_Height=default,Player2_Height=default",2026-07-08 07:21:58,7/8/26 2:00 AM,,,,,,,,live
pred_5c7770bf05d60ac4eeb3,2026-07-08T00:53:01.623411,2026-07-08,ITF Men Lodz,Clay,15,R32,Martins Rocens,Petros Tsitsipas,run_20260708T071952Z,match_9aa91fcfcb8f23332bf5,feat_d5f6ba985ed65589247c,999.0,1008.0,0.6618,0.3382,0.6865,0.3135,0.541,0.459,0.2642,0.7358,250.0,-390,3.5,1.2564102564102564,4.5,(-120),(-120),21.0,(-115),(-125),0.3977,nn,v1.2.1,v1.2.1,v1.2.0,v1.2.0,raw,prediction_log_v2,snapshot_v2,exact_feature_snapshot,pending,,True,,2026-07-08 07:21:58,7/8/26 2:00 AM,,,,,,,,live
pred_83f7b487b171174a6697,2026-07-08T00:53:02.783656,2026-07-08,ITF Men Lodz,Clay,15,R32,Edoardo Cherie Ligniere,Marcel Kamrowski,run_20260708T071952Z,match_3ad878bfc90dbc47f6ef,feat_691d4a10ae5ffea27fff,1152.0,1201.0,0.3827,0.6173,0.3823,0.6177,0.4548,0.5452,0.6753,0.3247,-270.0,+185,1.3703703703703702,2.85,-4.5,(-110),(-130),20.0,(-125),(-115),-0.2926,nn,v1.2.1,v1.2.1,v1.2.0,v1.2.0,raw,prediction_log_v2,snapshot_v2,exact_feature_snapshot,pending,,False,P2_Rank_Volatility_90d=default,2026-07-08 07:21:59,7/8/26 3:00 AM,,,,,,,,live
pred_754cff71bd1c73a28a70,2026-07-08T00:53:03.952590,2026-07-08,ITF Men Lodz,Clay,15,R32,Leyton Rivera,Tomasz Berkieta,run_20260708T071952Z,match_56ee70d6fbac46498fca,feat_4e1eaeaccbddcba4d3d2,1144.0,543.0,0.2561,0.7439,0.2627,0.7373,0.2655,0.7345,0.1549,0.8451,500.0,-1000,6.0,1.1,6.0,(-130),(-110),19.0,(-110),(-130),0.1012,nn,v1.2.1,v1.2.1,v1.2.0,v1.2.0,raw,prediction_log_v2,snapshot_v2,exact_feature_snapshot,pending,,True,,2026-07-08 07:21:59,7/8/26 3:00 AM,,,,,,,,live
pred_90c4ae5a4576720db8b9,2026-07-08T00:53:05.052124,2026-07-08,ITF Men Lodz,Clay,15,R32,Petr Michnev,Samuele Seghetti,run_20260708T071952Z,match_ea473aebbabd8dafba31,feat_2205c38dc4fe0f65494b,2225.0,1408.0,0.5422,0.4578,0.747,0.253,0.6697,0.3303,0.6703,0.3297,-265.0,+180,1.3773584905660377,2.8,-4.0,(-110),(-130),20.5,(-120),(-120),-0.128,nn,v1.2.1,v1.2.1,v1.2.0,v1.2.0,raw,prediction_log_v2,snapshot_v2,exact_feature_snapshot,pending,,True,,2026-07-08 07:22:00,7/8/26 3:00 AM,,,,,,,,live
pred_d37321ed0f56b09c08b6,2026-07-08T00:53:06.149243,2026-07-08,ITF Men Lodz,Clay,15,R32,Vladyslav Orlov,Jakub Vrtilka,run_20260708T071952Z,match_35a8869d9c763de55bd7,feat_f8ac48e4332772be53cf,493.0,999.0,0.5304,0.4696,0.6256,0.3744,0.6631,0.3369,0.9369,0.0631,-10000.0,+1400,1.01,15.0,-7.5,(-140),(EVEN),16.5,(-110),(-130),-0.4065,nn,v1.2.1,v1.2.1,v1.2.0,v1.2.0,raw,prediction_log_v2,snapshot_v2,exact_feature_snapshot,pending,,False,Player2_Height=default,2026-07-08 07:22:00,7/8/26 3:00 AM,,,,,,,,live
pred_7974fedc464d887441dd,2026-07-08T00:53:07.250167,2026-07-08,ITF Men Lodz,Clay,15,R32,Jakub Jedrzejczak,Kacper Knitter,run_20260708T071952Z,match_448a3136ab8821524497,feat_7ea160344bf9174f41f7,999.0,982.0,0.5863,0.4137,0.5489,0.4511,0.4663,0.5337,0.4484,0.5516,105.0,-150,2.05,1.6666666666666663,1.5,(-120),(-120),21.0,(-120),(-120),0.1378,nn,v1.2.1,v1.2.1,v1.2.0,v1.2.0,raw,prediction_log_v2,snapshot_v2,exact_feature_snapshot,pending,,False,"Player1_Height=default,Player2_Height=default",2026-07-08 07:22:01,7/8/26 4:00 AM,,,,,,,,live
pred_207334d5e780c46e5f87,2026-07-08T00:53:08.406219,2026-07-08,ITF Men Roda de Bara,Hard,15,R16,Gianluca Carlini,Yanki Erel,run_20260708T071952Z,match_2c701b33dc7c243e68c9,feat_c07b9ba481e4e3a8861c,979.0,340.0,0.2621,0.7379,0.1153,0.8847,0.1901,0.8099,0.1166,0.8834,700.0,-1800,8.0,1.0555555555555556,6.0,(EVEN),(-140),18.5,(-120),(-120),0.1456,nn,v1.2.1,v1.2.1,v1.2.0,v1.2.0,raw,prediction_log_v2,snapshot_v2,exact_feature_snapshot,pending,,False,Player1_Height=default,2026-07-08 07:22:04,7/8/26 1:00 AM,,,,,,,,live
pred_0a1a0d88c7aa0c7a7389,2026-07-08T00:53:09.535986,2026-07-08,ITF Men Roda de Bara,Hard,15,R16,Hamish Stewart,Iliyan Radulov,run_20260708T071952Z,match_298003baedeb2d6bd582,feat_1238d8e62b5397308976,300.0,642.0,0.6451,0.3549,0.6706,0.3294,0.6666,0.3334,0.6384,0.3616,-225.0,+155,1.4444444444444444,2.55,-3.5,(-120),(-120),21.0,(-125),(-115),0.0067,nn,v1.2.1,v1.2.1,v1.2.0,v1.2.0,raw,prediction_log_v2,snapshot_v2,exact_feature_snapshot,pending,,True,,2026-07-08 07:22:04,7/8/26 1:00 AM,,,,,,,,live
pred_ebae2799c7960cc8a99c,2026-07-08T00:53:10.626365,2026-07-08,ITF Men Roda de Bara,Hard,15,R16,Manel Lazaro Juncadella,Dan Added,run_20260708T071952Z,match_feca0ea9b46ba74363ec,feat_d276769d357cdf3cba95,999.0,237.0,0.2699,0.7301,0.1815,0.8185,0.2341,0.7659,0.1954,0.8046,375.0,-650,4.75,1.1538461538461535,5.5,(-115),(-125),19.0,(-125),(-115),0.0744,nn,v1.2.1,v1.2.1,v1.2.0,v1.2.0,raw,prediction_log_v2,snapshot_v2,exact_feature_snapshot,pending,,False,Player1_Height=default,2026-07-08 07:22:05,7/8/26 1:00 AM,,,,,,,,live
pred_e4b1cf1f60e4c06f4b96,2026-07-08T00:53:11.750896,2026-07-08,ITF Men Roda de Bara,Hard,15,R16,Robin Bertrand,Takuya Kumasaka,run_20260708T071952Z,match_45881da3c978da3ca3fd,feat_57d44d2ac62aa3691761,324.0,509.0,0.6218,0.3782,0.6658,0.3342,0.6049,0.3951,0.6222,0.3778,-205.0,+145,1.4878048780487805,2.45,-3.5,(-120),(-120),20.5,(-115),(-125),-0.0004,nn,v1.2.1,v1.2.1,v1.2.0,v1.2.0,raw,prediction_log_v2,snapshot_v2,exact_feature_snapshot,pending,,True,,2026-07-08 07:22:05,7/8/26 1:00 AM,,,,,,,,live
pred_456a97d0be4c72c8824f,2026-07-08T00:53:12.860375,2026-07-08,ITF Men Roda de Bara,Hard,15,R16,Lucas Poullain,Isaac Becroft,run_20260708T071952Z,match_1a3cb6208cf33d839e3e,feat_dc0fc97f96b2e72b0054,431.0,911.0,0.7528,0.2472,0.7815,0.2185,0.7057,0.2943,0.7598,0.2402,-460.0,+285,1.2173913043478262,3.85,-5.0,(-120),(-120),20.0,(-115),(-125),-0.007,nn,v1.2.1,v1.2.1,v1.2.0,v1.2.0,raw,prediction_log_v2,snapshot_v2,exact_feature_snapshot,pending,,True,,2026-07-08 07:22:06,7/8/26 2:15 AM,,,,,,,,live
pred_f7c0a6a9b77d80424085,2026-07-08T00:53:14.029134,2026-07-08,ITF Men Roda de Bara,Hard,15,R16,Mae Malige,Oliver Crawford,run_20260708T071952Z,match_52b9e6f648fb1877af1d,feat_216513566076a49e11f0,546.0,232.0,0.3909,0.6091,0.3502,0.6498,0.3449,0.6551,0.2982,0.7018,210.0,-315,3.1,1.3174603174603174,4.5,(-130),(-110),20.5,(-120),(-120),0.0927,nn,v1.2.1,v1.2.1,v1.2.0,v1.2.0,raw,prediction_log_v2,snapshot_v2,exact_feature_snapshot,pending,,True,,2026-07-08 07:22:06,7/8/26 2:15 AM,,,,,,,,live
pred_e2a6de4df32a844e46fc,2026-07-08T00:53:15.217385,2026-07-08,ITF Men Roda de Bara,Hard,15,R16,Matthias Uwe Kask,Ludovico Vaccari,run_20260708T071952Z,match_8c9724db25cf9f3bd5e3,feat_ad7e2218e0c19b0b7e42,1250.0,999.0,0.4018,0.5982,0.4226,0.5774,0.4925,0.5075,0.6062,0.3938,-190.0,+135,1.526315789473684,2.35,-3.0,(-120),(-120),21.0,(-120),(-120),-0.2045,nn,v1.2.1,v1.2.1,v1.2.0,v1.2.0,raw,prediction_log_v2,snapshot_v2,exact_feature_snapshot,pending,,False,"Player1_Height=default,Player2_Height=default",2026-07-08 07:22:06,7/8/26 2:15 AM,,,,,,,,live
pred_96ef4fe28900fb0f7b8f,2026-07-08T00:53:16.357716,2026-07-08,ITF Men Roda de Bara,Hard,15,R16,Pavlos Tsitsipas,Aren Baybars,run_20260708T071952Z,match_935653b0454813e0ab0f,feat_fa91626868d9b2e07432,1040.0,999.0,0.4131,0.5869,0.5408,0.4592,0.491,0.509,0.6516,0.3484,-240.0,+165,1.4166666666666667,2.65,-3.5,(-120),(-120),21.5,(-115),(-125),-0.2386,nn,v1.2.1,v1.2.1,v1.2.0,v1.2.0,raw,prediction_log_v2,snapshot_v2,exact_feature_snapshot,pending,,False,Player2_Height=default,2026-07-08 07:22:07,7/8/26 5:00 AM,,,,,,,,live
pred_b18e488997b1a615c401,2026-07-08T00:53:17.469690,2026-07-08,ITF Men The Hague,Hard,15,R32,Hazem Naw,Taym Alazmeh,run_20260708T071952Z,match_0506a83ded4afba3c7a6,feat_55644eaf7c27d0b26204,1075.0,980.0,0.6611,0.3389,0.6355,0.3645,0.5834,0.4166,0.7196,0.2804,-350.0,+230,1.2857142857142856,3.3,-4.5,(-130),(-110),20.5,(-110),(-130),-0.0585,nn,v1.2.1,v1.2.1,v1.2.0,v1.2.0,raw,prediction_log_v2,snapshot_v2,exact_feature_snapshot,pending,,True,,2026-07-08 07:22:11,7/8/26 3:00 AM,,,,,,,,live
pred_c17a3399f82c14088c47,2026-07-08T00:53:18.583529,2026-07-08,ITF Men The Hague,Hard,15,R32,Jay Clarke,Mac Visser,run_20260708T071952Z,match_e563a962594379ba9c03,feat_d7640b3d733afce19650,246.0,999.0,0.9094,0.0906,0.9032,0.0968,0.8602,0.1398,0.9221,0.0779,-7000.0,+1100,1.0142857142857142,12.0,-7.0,(-130),(-110),17.5,(-115),(-125),-0.0126,nn,v1.2.1,v1.2.1,v1.2.0,v1.2.0,raw,prediction_log_v2,snapshot_v2,exact_feature_snapshot,pending,,False,Player2_Height=default,2026-07-08 07:22:11,7/8/26 3:00 AM,,,,,,,,live
pred_e80a127650e8a4800ee7,2026-07-08T00:53:19.729711,2026-07-08,ITF Men The Hague,Hard,15,R32,Stijn Paardekooper,Mateja Stanisavljevic,run_20260708T071952Z,match_d5be0e3ba7406fbd9221,feat_95b5ebb77fd002450ce1,938.0,999.0,0.4397,0.5603,0.5141,0.4859,0.5236,0.4764,0.8451,0.1549,-1000.0,+500,1.1,6.0,-6.0,(-115),(-125),,,,-0.4053,nn,v1.2.1,v1.2.1,v1.2.0,v1.2.0,raw,prediction_log_v2,snapshot_v2,exact_feature_snapshot,pending,,False,Player2_Height=default,2026-07-08 07:22:12,7/8/26 3:00 AM,,,,,,,,live
pred_aaa4826a8cd92f854edc,2026-07-08T00:53:20.851153,2026-07-08,ITF Men The Hague,Hard,15,R32,Abel Forger,Manvydas Balciunas,run_20260708T071952Z,match_e57614743b5887019464,feat_186ef769a368947f8cef,871.0,999.0,0.7211,0.2789,0.6441,0.3559,0.6484,0.3516,0.6305,0.3695,-215.0,+150,1.4651162790697674,2.5,-3.5,(-125),(-115),20.5,(-125),(-115),0.0906,nn,v1.2.1,v1.2.1,v1.2.0,v1.2.0,raw,prediction_log_v2,snapshot_v2,exact_feature_snapshot,pending,,False,"Player1_Height=default,Player2_Height=default",2026-07-08 07:22:12,7/8/26 4:00 AM,,,,,,,,live
pred_1ed4e9c6eb72b57f3b82,2026-07-08T00:53:22.048067,2026-07-08,ITF Men The Hague,Hard,15,R32,Remy Dugardin,Louis Wessels,run_20260708T071952Z,match_a0f584beccf3dc20b7f7,feat_e2ed4a56ea4becd310ff,1265.0,691.0,0.4025,0.5975,0.4522,0.5478,0.3789,0.6211,0.2466,0.7534,275.0,-440,3.75,1.2272727272727273,5.0,(-120),(-120),20.0,(-115),(-125),0.1559,nn,v1.2.1,v1.2.1,v1.2.0,v1.2.0,raw,prediction_log_v2,snapshot_v2,exact_feature_snapshot,pending,,False,Player1_Height=default,2026-07-08 07:22:13,7/8/26 4:00 AM,,,,,,,,live
pred_3306dac134ec02f79379,2026-07-08T00:53:23.208369,2026-07-08,ITF Men The Hague,Hard,15,R32,Fons van Sambeek,Aristotelis Thanos,run_20260708T071952Z,match_924a92394542e9883c54,feat_efaf6b016c5dd747b6e8,1073.0,573.0,0.2971,0.7029,0.3519,0.6481,0.3246,0.6754,0.1954,0.8046,375.0,-650,4.75,1.1538461538461535,5.5,(-120),(-120),19.5,(-120),(-120),0.1017,nn,v1.2.1,v1.2.1,v1.2.0,v1.2.0,raw,prediction_log_v2,snapshot_v2,exact_feature_snapshot,pending,,True,,2026-07-08 07:22:13,7/8/26 5:30 AM,,,,,,,,live
pred_1c2200a188762fd60a7c,2026-07-08T00:53:24.378798,2026-07-08,ITF Men The Hague,Hard,15,R32,Rohan Mehra,Pietro Marino,run_20260708T071952Z,match_7af97a49d92c1ab2d853,feat_7916c2ba77b241f4357a,1130.0,1057.0,0.5133,0.4867,0.5293,0.4707,0.4888,0.5112,0.2466,0.7534,275.0,-440,3.75,1.2272727272727273,5.0,(-130),(-110),20.5,(-115),(-125),0.2667,nn,v1.2.1,v1.2.1,v1.2.0,v1.2.0,raw,prediction_log_v2,snapshot_v2,exact_feature_snapshot,pending,,False,Player1_Height=default,2026-07-08 07:22:13,7/8/26 5:30 AM,,,,,,,,live
pred_e19a651c29ea74f4dc1d,2026-07-08T00:53:25.536494,2026-07-08,ITF Men The Hague,Hard,15,R32,Alejandro Juan Mano,Max Van Nunen,run_20260708T071952Z,match_bcd72fc2762fcae111d1,feat_2137292853caf0cb9c03,754.0,999.0,0.738,0.262,0.7422,0.2578,0.6692,0.3308,0.9442,0.0558,-20000.0,+1600,1.005,17.0,-8.0,(-120),(-120),16.0,(-130),(-110),-0.2062,nn,v1.2.1,v1.2.1,v1.2.0,v1.2.0,raw,prediction_log_v2,snapshot_v2,exact_feature_snapshot,pending,,False,"P1_Rank_Volatility_90d=default,Player2_Height=default",2026-07-08 07:22:14,7/8/26 8:00 AM,,,,,,,,live
pred_2580d015e3e350b2e23d,2026-07-08T00:53:26.654258,2026-07-08,ITF Men The Hague,Hard,15,R32,Jakub Nicod,Timeo Trufelli,run_20260708T071952Z,match_b5e9b100454499d57b19,feat_8a1dfab19f17b1cc3c71,730.0,1243.0,0.8252,0.1748,0.7144,0.2856,0.765,0.235,0.8834,0.1166,-1800.0,+700,1.0555555555555556,8.0,-6.0,(-120),(-120),18.5,(-125),(-115),-0.0582,nn,v1.2.1,v1.2.1,v1.2.0,v1.2.0,raw,prediction_log_v2,snapshot_v2,exact_feature_snapshot,pending,,False,Player2_Height=default,2026-07-08 07:22:14,7/8/26 8:00 AM,,,,,,,,live
pred_e3e6767781e5b4883044,2026-07-08T00:53:27.880216,2026-07-08,ITF Men The Hague,Hard,15,R32,Daniel Verbeek,Jim Hendrikx,run_20260708T071952Z,match_2784a7fb868ec112d00e,feat_5d7e3f9cc09e0eec3dc1,1704.0,999.0,0.4343,0.5657,0.483,0.517,0.5158,0.4842,0.7941,0.2059,-600.0,+350,1.1666666666666667,4.5,-5.5,(-125),(-115),19.0,(-125),(-115),-0.3598,nn,v1.2.1,v1.2.1,v1.2.0,v1.2.0,raw,prediction_log_v2,snapshot_v2,exact_feature_snapshot,pending,,False,"Player1_Height=default,Player2_Height=default",2026-07-08 07:22:15,7/8/26 10:00 AM,,,,,,,,live
pred_12dedbb6a1dbf12acfb4,2026-07-08T00:53:28.987466,2026-07-08,ITF Men The Hague,Hard,15,R32,Dax Donders,Yannik Kelm,run_20260708T071952Z,match_e4b74884ad21bbcce862,feat_d9f96d647069346a861c,1429.0,580.0,0.2751,0.7249,0.308,0.692,0.313,0.687,0.1549,0.8451,500.0,-1000,6.0,1.1,,,,,,,0.1202,nn,v1.2.1,v1.2.1,v1.2.0,v1.2.0,raw,prediction_log_v2,snapshot_v2,exact_feature_snapshot,pending,,True,,2026-07-08 07:22:15,7/8/26 10:00 AM,,,,,,,,live
pred_69e604cf0c8d892e994b,2026-07-08T00:53:30.112275,2026-07-08,ITF Men The Hague,Hard,15,R32,Pieter de Lange,Daniele Rapagnetta,run_20260708T071952Z,match_f179e0c301b32d2d0c9e,feat_e243fc9b24b1dc08b1f1,882.0,895.0,0.3686,0.6314,0.3841,0.6159,0.4739,0.5261,0.3695,0.6305,150.0,-215,2.5,1.4651162790697674,3.0,(-115),(-125),21.0,(-115),(-125),-0.0009,nn,v1.2.1,v1.2.1,v1.2.0,v1.2.0,raw,prediction_log_v2,snapshot_v2,exact_feature_snapshot,pending,,False,Player2_Height=default,2026-07-08 07:22:16,7/8/26 10:00 AM,,,,,,,,live
pred_31068847f2c0d04ec3e2,2026-07-08T00:53:31.196344,2026-07-08,Nottingham,Grass,C,R16,Clement Chidekh,Alberto Barroso Campos,run_20260708T071952Z,match_046958c4d378e997ff7f,feat_cd22573ae6c1ef717dbe,205.0,618.0,0.8655,0.1345,0.8591,0.1409,0.7126,0.2874,0.8291,0.1709,-750.0,+450,1.1333333333333333,5.5,-5.0,(-120),(-110),20.0,(-125),(-105),0.0364,nn,v1.2.1,v1.2.1,v1.2.0,v1.2.0,raw,prediction_log_v2,snapshot_v2,exact_feature_snapshot,pending,,True,,2026-07-08 07:22:17,7/8/26 3:00 AM,,,,,,,,live
pred_67f692921e7c3c7b3de8,2026-07-08T00:53:32.322253,2026-07-08,Nottingham,Grass,C,R16,Yi Zhou,Daniel de Jonge,run_20260708T071952Z,match_2c0899520d8887d133fb,feat_4b88cae29380720e2e04,240.0,619.0,0.7044,0.2956,0.8099,0.1901,0.6666,0.3334,0.7798,0.2202,-500.0,+325,1.2,4.25,-4.0,(-125),(-105),22.0,(-110),(-120),-0.0754,nn,v1.2.1,v1.2.1,v1.2.0,v1.2.0,raw,prediction_log_v2,snapshot_v2,exact_feature_snapshot,pending,,True,,2026-07-08 07:22:18,7/8/26 3:00 AM,,,,,,,,live
pred_453830e7f622d7526b26,2026-07-08T00:53:33.521754,2026-07-08,Nottingham,Grass,C,R16,Ivan Ivanov,Lui Maxted,run_20260708T071952Z,match_e8ecb269edf2dd070ec9,feat_97470d9fbe346b32e405,654.0,405.0,0.4537,0.5463,0.5971,0.4029,0.4698,0.5302,0.4694,0.5306,EVEN,-130,2.0,1.7692307692307692,1.0,(-115),(-115),22.0,(-115),(-115),-0.0157,nn,v1.2.1,v1.2.1,v1.2.0,v1.2.0,raw,prediction_log_v2,snapshot_v2,exact_feature_snapshot,pending,,False,Player2_Height=default,2026-07-08 07:22:18,7/8/26 4:00 AM,,,,,,,,live
pred_a4433b71eec482150091,2026-07-08T00:53:34.672390,2026-07-08,Nottingham,Grass,C,R16,Patrick Brady,Alastair Gray,run_20260708T071952Z,match_1b03892d34d14b6a52bc,feat_06ff88f57fa1bbf20b01,869.0,277.0,0.2763,0.7237,0.3747,0.6253,0.3703,0.6297,0.3125,0.6875,+200,-275,3.0,1.3636363636363638,3.5,(-115),(-115),22.0,(-125),(-105),-0.0362,nn,v1.2.1,v1.2.1,v1.2.0,v1.2.0,raw,prediction_log_v2,snapshot_v2,exact_feature_snapshot,pending,,True,,2026-07-08 07:22:19,7/8/26 5:10 AM,,,,,,,,live
pred_eb9fb11f4f29660b3e2b,2026-07-08T00:53:35.847990,2026-07-08,ITF Men Monastir,Hard,15,,Aziz Dougaz,Sean Daryabeigi,run_20260708T071952Z,match_36afe818633b55516e9e,feat_d4bf74696329e4e6de33,828.0,1536.0,0.9108,0.0892,0.881,0.119,0.7248,0.2752,0.8225,0.1775,-750,+425,1.1333333333333333,5.25,-5.5,(-115),(-125),19.0,(-135),(-105),0.0883,nn,v1.2.1,v1.2.1,v1.2.0,v1.2.0,raw,prediction_log_v2,snapshot_v2,exact_feature_snapshot,pending,,False,"Player2_Height=default,round_code=None",2026-07-08 07:22:21,7/8/26 1:30 AM,,,,,,,,live
pred_67b51c5559acbcb68764,2026-07-08T00:53:36.957315,2026-07-08,ITF Men Monastir,Hard,15,,Karim Mabrouk,Tuncay Duran,run_20260708T071952Z,match_2a666d0b3e7708fc27f9,feat_3c5bae80357877b2fe54,999.0,722.0,0.1855,0.8145,0.2294,0.7706,0.2692,0.7308,0.1036,0.8964,+800,-2500,9.0,1.04,6.5,(-120),(-120),18.0,(-125),(-115),0.0819,nn,v1.2.1,v1.2.1,v1.2.0,v1.2.0,raw,prediction_log_v2,snapshot_v2,exact_feature_snapshot,pending,,False,"Player1_Height=default,round_code=None",2026-07-08 07:22:22,7/8/26 1:30 AM,,,,,,,,live
pred_b101b8e3732a9e84914d,2026-07-08T00:53:38.161813,2026-07-08,ITF Men Monastir,Hard,15,,Roan Jones,Ibrahim Snoussi,run_20260708T071952Z,match_21e4cb3a4059aa4cdbf1,feat_9c8e4cd1ec3ee3572aef,999.0,954.0,0.6986,0.3014,0.5549,0.4451,0.4229,0.5771,0.9066,0.0934,-3300,+900,1.0303030303030305,10.0,-7.0,(-130),(-110),17.0,(-130),(-110),-0.208,nn,v1.2.1,v1.2.1,v1.2.0,v1.2.0,raw,prediction_log_v2,snapshot_v2,exact_feature_snapshot,pending,,False,"Player1_Height=default,Player2_Height=default,round_code=None",2026-07-08 07:22:22,7/8/26 1:30 AM,,,,,,,,live
pred_5962587f961fb046a4a7,2026-07-08T00:53:39.311042,2026-07-08,ITF Men Monastir,Hard,15,,Daniel Bagnolini,Timofey Stepanov,run_20260708T071952Z,match_3915a670aaed813c9023,feat_ff0f1ab21b2e7de637c9,1267.0,999.0,0.4546,0.5454,0.4357,0.5643,0.4721,0.5279,0.2894,0.7106,+220,-330,3.2,1.303030303030303,4.5,(-115),(-125),20.5,(-110),(-130),0.1653,nn,v1.2.1,v1.2.1,v1.2.0,v1.2.0,raw,prediction_log_v2,snapshot_v2,exact_feature_snapshot,pending,,False,"P2_Rank_Volatility_90d=default,round_code=None",2026-07-08 07:22:23,7/8/26 2:30 AM,,,,,,,,live
pred_133a9e6efc9c7809cc8c,2026-07-08T00:53:40.448668,2026-07-08,ITF Men Monastir,Hard,15,,Logan Zapp,Anas Bennour Dit Sahli,run_20260708T071952Z,match_1f18f14fc23a2868667a,feat_8adc60ea23dcf4e0afc0,999.0,999.0,0.6755,0.3245,0.7055,0.2945,0.6244,0.3756,0.7432,0.2568,-410,+260,1.2439024390243902,3.6,-5.0,(-110),(-130),20.0,(-115),(-125),-0.0677,nn,v1.2.1,v1.2.1,v1.2.0,v1.2.0,raw,prediction_log_v2,snapshot_v2,exact_feature_snapshot,pending,,False,"Player1_Height=default,Player2_Height=default,round_code=None",2026-07-08 07:22:23,7/8/26 2:30 AM,,,,,,,,live
pred_4d79d98fdca81f679822,2026-07-08T00:53:41.535612,2026-07-08,ITF Men Monastir,Hard,15,,Nathan Blokhin,Jacob Bradshaw,run_20260708T071952Z,match_74d327e2b067b5442728,feat_e0fb7fa3338494c76589,1278.0,595.0,0.2189,0.7811,0.1413,0.8587,0.2128,0.7872,0.2466,0.7534,+275,-440,3.75,1.2272727272727273,5.0,(-125),(-115),19.5,(-120),(-120),-0.0277,nn,v1.2.1,v1.2.1,v1.2.0,v1.2.0,raw,prediction_log_v2,snapshot_v2,exact_feature_snapshot,pending,,False,"Player1_Height=default,round_code=None",2026-07-08 07:22:24,7/8/26 2:30 AM,,,,,,,,live
pred_815be63bd7d2e45ee324,2026-07-08T00:53:42.652832,2026-07-08,ITF Men Monastir,Hard,15,,Nazim Makhlouf,Yassine Smiej,run_20260708T071952Z,match_6e53f8e3a67b7a87632c,feat_9fffb0723ee81cf04235,999.0,1288.0,0.6323,0.3677,0.5441,0.4559,0.5371,0.4629,0.5607,0.4393,-155,+110,1.6451612903225803,2.1,-2.5,(-120),(-120),20.5,(-120),(-120),0.0716,nn,v1.2.1,v1.2.1,v1.2.0,v1.2.0,raw,prediction_log_v2,snapshot_v2,exact_feature_snapshot,pending,,False,"Player2_Height=default,round_code=None",2026-07-08 07:22:24,7/8/26 3:30 AM,,,,,,,,live
pred_d7b8b421d6ae76090732,2026-07-08T00:53:43.815027,2026-07-08,Iasi,Clay,C,R16,Ilia Simakin,Lautaro Midon,run_20260708T071952Z,match_04011702cb2569a86c0b,feat_cf6d311683fef4bc3d2e,304.0,230.0,0.3971,0.6029,0.3588,0.6412,0.4626,0.5374,0.3232,0.6768,+190,-260,2.9,1.3846153846153846,4.0,(-130),(EVEN),21.5,(-115),(-115),0.074,nn,v1.2.1,v1.2.1,v1.2.0,v1.2.0,raw,prediction_log_v2,snapshot_v2,exact_feature_snapshot,pending,,True,,2026-07-08 07:22:26,7/8/26 3:30 AM,,,,,,,,live
pred_c8c0f6447cd116d7f6a3,2026-07-08T00:53:44.996545,2026-07-08,Iasi,Clay,C,R16,Pedro Martinez,Maks Kasnikowski,run_20260708T071952Z,match_aac6fedf72b2c4f35545,feat_0e3ef8d4779533c73222,134.0,284.0,0.5001,0.4999,0.6135,0.3865,0.5614,0.4386,0.4367,0.5633,+115,-150,2.15,1.6666666666666663,1.5,(-110),(-120),22.0,(-115),(-115),0.0634,nn,v1.2.1,v1.2.1,v1.2.0,v1.2.0,raw,prediction_log_v2,snapshot_v2,exact_feature_snapshot,pending,,True,,2026-07-08 07:22:26,7/8/26 4:40 AM,,,,,,,,live
pred_f4df13025ec74380dac0,2026-07-08T00:53:46.170531,2026-07-08,Iasi,Clay,C,R16,Jerome Kym,Sascha Gueymard Wayenburg,run_20260708T071952Z,match_24f60205e07d6f356e72,feat_5681e4e985fa745b4258,196.0,283.0,0.6668,0.3332,0.6916,0.3084,0.6324,0.3676,0.6768,0.3232,-260,+190,1.3846153846153846,2.9,-3.0,(-125),(-105),22.5,(-110),(-120),-0.0101,nn,v1.2.1,v1.2.1,v1.2.0,v1.2.0,raw,prediction_log_v2,snapshot_v2,exact_feature_snapshot,pending,,True,,2026-07-08 07:22:27,7/8/26 5:00 AM,,,,,,,,live
pred_2cfb00cac1b2ce0e71f3,2026-07-08T00:53:47.308250,2026-07-08,Iasi,Clay,C,R16,Zsombor Piros,Damir Dzumhur,run_20260708T071952Z,match_1cffb28749dd11bb55c7,feat_b2a7bd1eca420277fee9,169.0,105.0,0.5169,0.4831,0.5195,0.4805,0.4692,0.5308,0.6091,0.3909,-185,+140,1.5405405405405406,2.4,-2.5,(-125),(-105),22.0,(-115),(-115),-0.0922,nn,v1.2.1,v1.2.1,v1.2.0,v1.2.0,raw,prediction_log_v2,snapshot_v2,exact_feature_snapshot,pending,,True,,2026-07-08 07:22:27,7/8/26 8:00 AM,,,,,,,,live
pred_547c38b517c03291bcc6,2026-07-08T00:53:48.439493,2026-07-08,ITF Men Kassel,Hard,15,R32,Aryan Shah,Anton Matusevich,run_20260708T071952Z,match_56a1eec648a0709967b2,feat_1685cdaa8aaf3d9c917e,617.0,376.0,0.3759,0.6241,0.2641,0.7359,0.3619,0.6381,0.3556,0.6444,+160,-230,2.6,1.434782608695652,3.5,(-130),(-110),21.5,(-125),(-115),0.0203,nn,v1.2.1,v1.2.1,v1.2.0,v1.2.0,raw,prediction_log_v2,snapshot_v2,exact_feature_snapshot,pending,,True,,2026-07-08 07:22:31,7/8/26 2:00 AM,,,,,,,,live
pred_3c7add15378050650953,2026-07-08T00:53:49.566488,2026-07-08,,Hard,15,,Ioannis Xilas,Isac Strömberg,run_20260708T071952Z,match_4d6b215355066483fea4,feat_9fb910d613f20a09e50b,362.0,999.0,0.7167,0.2833,0.8401,0.1599,0.7909,0.2091,0.5,0.5,,,,,,,,,,,0.2167,nn,v1.2.1,v1.2.1,v1.2.0,v1.2.0,raw,prediction_log_v2,snapshot_v2,exact_feature_snapshot,pending,,False,"Player2_Height=default,round_code=None",,,,,,,,,,live
pred_49b911aaf0d63eee7a37,2026-07-08T00:53:50.757724,2026-07-08,ITF Men Kassel,Hard,15,R32,Mariano Dedura-Palomero,Lasse Poertner,run_20260708T071952Z,match_2466dcbd265c917f7a59,feat_e8922ad6596b3a36add8,1383.0,999.0,0.4791,0.5209,0.5151,0.4849,0.4885,0.5115,0.4713,0.5287,-105,-135,1.9523809523809523,1.7407407407407407,1.0,(-120),(-120),21.0,(-125),(-115),0.0077,nn,v1.2.1,v1.2.1,v1.2.0,v1.2.0,raw,prediction_log_v2,snapshot_v2,exact_feature_snapshot,pending,,False,Player1_Height=default,2026-07-08 07:22:32,7/8/26 2:00 AM,,,,,,,,live
pred_5381e18c509d87c4839f,2026-07-08T00:53:51.876622,2026-07-08,ITF Men Kassel,Hard,15,R32,Michel Hopp,David Fix,run_20260708T071952Z,match_fcffcc5fb380fc180916,feat_e1bd900b21d2d9c2024c,885.0,999.0,0.4318,0.5682,0.4174,0.5826,0.5408,0.4592,0.6062,0.3938,-190,+135,1.526315789473684,2.35,-3.0,(-120),(-120),21.0,(-120),(-120),-0.1744,nn,v1.2.1,v1.2.1,v1.2.0,v1.2.0,raw,prediction_log_v2,snapshot_v2,exact_feature_snapshot,pending,,False,"P2_Rank_Volatility_90d=default,Player2_Height=default",2026-07-08 07:22:32,7/8/26 2:00 AM,,,,,,,,live
pred_c88dee13c1c97e24a5de,2026-07-08T00:53:53.024553,2026-07-08,ITF Men Kassel,Hard,15,R32,Adrian Oetzbach,Justin Schlageter,run_20260708T071952Z,match_f9bd87f2a1bc225346ad,feat_eb5994ae32385cbecc8e,684.0,1071.0,0.6229,0.3771,0.5204,0.4796,0.6002,0.3998,0.5516,0.4484,-150,+105,1.6666666666666663,2.05,-2.0,(-115),(-125),22.0,(-110),(-130),0.0713,nn,v1.2.1,v1.2.1,v1.2.0,v1.2.0,raw,prediction_log_v2,snapshot_v2,exact_feature_snapshot,pending,,False,Player2_Height=default,2026-07-08 07:22:33,7/8/26 3:00 AM,,,,,,,,live
pred_62802f178b5d3e8fb6d7,2026-07-08T00:53:54.158763,2026-07-08,ITF Men Kassel,Hard,15,R32,Arian Barbic,Matthew William Donald,run_20260708T071952Z,match_3d3165790c085eef97e3,feat_46cacae4df1b86f15c0a,999.0,499.0,0.2754,0.7246,0.236,0.764,0.2395,0.7605,0.0558,0.9442,+1600,-20000,17.0,1.005,7.5,(-130),(-110),,,,0.2196,nn,v1.2.1,v1.2.1,v1.2.0,v1.2.0,raw,prediction_log_v2,snapshot_v2,exact_feature_snapshot,pending,,False,Player1_Height=default,2026-07-08 07:22:33,7/8/26 3:00 AM,,,,,,,,live
pred_2615bed09c71529861b6,2026-07-08T00:53:55.368867,2026-07-08,ITF Men Kassel,Hard,15,R32,Daniel Siniakov,Calvin Mueller,run_20260708T071952Z,match_26706c444bacd7a0667e,feat_c92e09f2659cd25a30be,477.0,841.0,0.6062,0.3938,0.5666,0.4334,0.6099,0.3901,0.7941,0.2059,-600,+350,1.1666666666666667,4.5,-5.5,(-115),(-125),19.5,(-110),(-130),-0.1879,nn,v1.2.1,v1.2.1,v1.2.0,v1.2.0,raw,prediction_log_v2,snapshot_v2,exact_feature_snapshot,pending,,False,Player2_Height=default,2026-07-08 07:22:33,7/8/26 3:00 AM,,,,,,,,live
pred_9d9d0894e855aeb3a4fd,2026-07-08T00:53:56.548618,2026-07-08,ITF Men Kassel,Hard,15,R32,Dominik Recek,Luca Castagnola,run_20260708T071952Z,match_566747625c9624ff1133,feat_9dc7037a269799ebaf11,930.0,897.0,0.4136,0.5864,0.3836,0.6164,0.4812,0.5188,0.5385,0.4615,-140,EVEN,1.7142857142857144,2.0,-1.5,(-125),(-115),21.5,(-120),(-120),-0.1249,nn,v1.2.1,v1.2.1,v1.2.0,v1.2.0,raw,prediction_log_v2,snapshot_v2,exact_feature_snapshot,pending,,True,,2026-07-08 07:22:34,7/8/26 3:00 AM,,,,,,,,live
pred_c0a57ec9fd91db43517b,2026-07-08T00:53:57.683708,2026-07-08,ITF Men Kassel,Hard,15,R32,Gregor Hausberger,Oleksii Krutykh,run_20260708T071952Z,match_39a4e0541eb98571f88d,feat_1349c55ce9a970acc902,1377.0,631.0,0.2457,0.7543,0.2359,0.7641,0.2681,0.7319,0.0849,0.9151,+1000,-5000,11.0,1.02,,,,,,,0.1608,nn,v1.2.1,v1.2.1,v1.2.0,v1.2.0,raw,prediction_log_v2,snapshot_v2,exact_feature_snapshot,pending,,False,Player1_Height=default,2026-07-08 07:22:34,7/8/26 4:00 AM,,,,,,,,live
pred_a2aaef9895e86e282531,2026-07-08T00:53:58.804166,2026-07-08,ITF Men Kassel,Hard,15,R32,Kirill Kivattsev,Iannis Miletich,run_20260708T071952Z,match_ee1446c859d01339dfde,feat_b712883f2f2f16d17c5f,544.0,881.0,0.6154,0.3846,0.6268,0.3732,0.6573,0.3427,0.7239,0.2761,-360,+235,1.2777777777777777,3.35,-4.5,(-120),(-120),20.0,(-130),(-110),-0.1085,nn,v1.2.1,v1.2.1,v1.2.0,v1.2.0,raw,prediction_log_v2,snapshot_v2,exact_feature_snapshot,pending,,True,,2026-07-08 07:22:35,7/8/26 4:00 AM,,,,,,,,live
pred_6ab1bfd8d8fe4edb07fd,2026-07-08T00:53:59.911081,2026-07-08,ITF Men Kassel,Hard,15,R32,Matteo Fondriest,Nikolai Barsukov,run_20260708T071952Z,match_a09528436472c9f60632,feat_df7064c5dcd0e4ae7cdb,999.0,735.0,0.5374,0.4626,0.5373,0.4627,0.3965,0.6035,0.2136,0.7864,+335,-550,4.35,1.181818181818182,4.5,(-105),(-135),20.0,(-130),(-110),0.3238,nn,v1.2.1,v1.2.1,v1.2.0,v1.2.0,raw,prediction_log_v2,snapshot_v2,exact_feature_snapshot,pending,,False,Player1_Height=default,2026-07-08 07:22:35,7/8/26 4:00 AM,,,,,,,,live
pred_aae7ab9eff3cadc43998,2026-07-08T00:54:01.023000,2026-07-08,Trieste,Clay,C,R16,Michele Ribecai,Matej Dodig,run_20260708T071952Z,match_05b1e84dc10e88320bdc,feat_aad00ad16e78d7bcbdc4,265.0,208.0,0.334,0.666,0.396,0.604,0.4098,0.5902,0.4592,0.5408,+105,-135,2.05,1.7407407407407407,1.0,(-110),(-120),22.0,(-115),(-115),-0.1252,nn,v1.2.1,v1.2.1,v1.2.0,v1.2.0,raw,prediction_log_v2,snapshot_v2,exact_feature_snapshot,pending,,True,,2026-07-08 07:22:37,7/8/26 3:30 AM,,,,,,,,live
pred_529b0da46d1be19880a8,2026-07-08T00:54:02.106531,2026-07-08,Trieste,Clay,C,R16,Lukas Neumayer,Guido Ivan Justo,run_20260708T071952Z,match_b6b99a61a4ede1c3ae6c,feat_db241cb2aa93b437715f,167.0,238.0,0.5449,0.4551,0.5898,0.4102,0.5639,0.4361,0.7313,0.2687,-350,+250,1.2857142857142856,3.5,-4.0,(-120),(-110),21.5,(-110),(-120),-0.1865,nn,v1.2.1,v1.2.1,v1.2.0,v1.2.0,raw,prediction_log_v2,snapshot_v2,exact_feature_snapshot,pending,,True,,2026-07-08 07:22:37,7/8/26 5:10 AM,,,,,,,,live
pred_1b53842a7cb660ed0c61,2026-07-08T00:54:03.189702,2026-07-08,Trieste,Clay,C,R16,Henri Squire,Francesco Passaro,run_20260708T071952Z,match_df2639449528bfbd548d,feat_8ce89af6c0d7c03cd4e4,235.0,185.0,0.4538,0.5462,0.4955,0.5045,0.4899,0.5101,0.4085,0.5915,+130,-170,2.3,1.5882352941176472,2.5,(-115),(-115),23.0,(-110),(-120),0.0453,nn,v1.2.1,v1.2.1,v1.2.0,v1.2.0,raw,prediction_log_v2,snapshot_v2,exact_feature_snapshot,pending,,True,,2026-07-08 07:22:37,7/8/26 7:45 AM,,,,,,,,live
pred_1af81a42c7978a618fba,2026-07-08T00:54:04.285701,2026-07-08,ITF Men Dallas,Hard,15,R32,Alexander Frusina,Xavier Calvelo,run_20260708T071952Z,match_0e04f0ffbd250464296a,feat_6e318b90ee7d2ac62352,999.0,999.0,0.4512,0.5488,0.591,0.409,0.5022,0.4978,0.6753,0.3247,-270,+185,1.3703703703703702,2.85,-4.0,(-130),(-110),20.0,(-125),(-115),-0.2241,nn,v1.2.1,v1.2.1,v1.2.0,v1.2.0,raw,prediction_log_v2,snapshot_v2,exact_feature_snapshot,pending,,False,Player2_Height=default,2026-07-08 07:22:41,7/8/26 8:00 AM,,,,,,,,live
pred_b39104afac91cec39d26,2026-07-08T00:54:05.410910,2026-07-08,ITF Men Dallas,Hard,15,R32,Andreja Petrovic,Dakotah Bobo,run_20260708T071952Z,match_8d686c76a87def94ddba,feat_9ddc8d37aca4bc11ebba,704.0,999.0,0.6563,0.3437,0.5988,0.4012,0.6921,0.3079,0.7018,0.2982,-315,+210,1.3174603174603174,3.1,-4.5,(-110),(-130),20.5,(-120),(-120),-0.0455,nn,v1.2.1,v1.2.1,v1.2.0,v1.2.0,raw,prediction_log_v2,snapshot_v2,exact_feature_snapshot,pending,,False,"P2_Rank_Volatility_90d=default,Player2_Height=default",2026-07-08 07:22:42,7/8/26 8:00 AM,,,,,,,,live
pred_0371250a39351c5e4a2c,2026-07-08T00:54:06.507997,2026-07-08,ITF Men Dallas,Hard,15,R32,Georgi Georgiev,Landon Ardila,run_20260708T071952Z,match_01d6dcdd04891e17f9e5,feat_cb8684d135025bf878fc,999.0,1341.0,0.6918,0.3082,0.7292,0.2708,0.582,0.418,0.4393,0.5607,+110,-155,2.1,1.6451612903225803,2.5,(-125),(-115),21.0,(-120),(-120),0.2525,nn,v1.2.1,v1.2.1,v1.2.0,v1.2.0,raw,prediction_log_v2,snapshot_v2,exact_feature_snapshot,pending,,False,"Player1_Height=default,Player2_Height=default",2026-07-08 07:22:42,7/8/26 8:00 AM,,,,,,,,live
pred_ad6018e933d696b8ebe2,2026-07-08T00:54:07.622223,2026-07-08,ITF Men Dallas,Hard,15,,Alejandro Hernandez Gutierrez,Aidan Kim,run_20260708T071952Z,match_fd16cbd24017d0ce2f2f,feat_59a39b95b859f866bff2,999.0,661.0,0.3269,0.6731,0.2789,0.7211,0.3272,0.6728,0.0631,0.9369,+1400,-10000,15.0,1.01,7.5,(-130),(-110),17.0,(-105),(-135),0.2638,nn,v1.2.1,v1.2.1,v1.2.0,v1.2.0,raw,prediction_log_v2,snapshot_v2,exact_feature_snapshot,pending,,False,round_code=None,2026-07-08 07:22:43,7/8/26 9:30 AM,,,,,,,,live
pred_2edd311644af7ddbd452,2026-07-08T00:54:08.734173,2026-07-08,ITF Men Dallas,Hard,15,R32,Maximus Dussault,Trevor Svajda,run_20260708T071952Z,match_3d6a28418bf65b0b9b09,feat_23c50d2bb83737bf672a,999.0,466.0,0.2149,0.7851,0.1868,0.8132,0.3159,0.6841,0.1437,0.8563,+550,-1100,6.5,1.0909090909090908,6.0,(-120),(-120),18.5,(-130),(-110),0.0712,nn,v1.2.1,v1.2.1,v1.2.0,v1.2.0,raw,prediction_log_v2,snapshot_v2,exact_feature_snapshot,pending,,False,Player1_Height=default,2026-07-08 07:22:43,7/8/26 9:30 AM,,,,,,,,live
pred_3cd93de299e24ab861a3,2026-07-08T00:54:09.830807,2026-07-08,ITF Men Dallas,Hard,15,R32,Mees Rottgering,Billy Suarez,run_20260708T071952Z,match_5946fd8b980cfb6bf8c4,feat_9b8ec30fcdc4ff147d37,469.0,1079.0,0.8082,0.1918,0.8435,0.1565,0.769,0.231,0.9277,0.0723,-7500,+1200,1.0133333333333334,13.0,-6.5,(-130),(-110),18.0,(-125),(-115),-0.1195,nn,v1.2.1,v1.2.1,v1.2.0,v1.2.0,raw,prediction_log_v2,snapshot_v2,exact_feature_snapshot,pending,,True,,2026-07-08 07:22:44,7/8/26 9:30 AM,,,,,,,,live
pred_59c8825337c144a3290e,2026-07-08T00:54:10.896537,2026-07-08,ITF Men Dallas,Hard,15,R32,Mitchell Krueger,Aleksandar Mitric,run_20260708T071952Z,match_f26a56ae5ea6fe2c41fb,feat_df3bbaf74b44c37c7ad4,349.0,999.0,0.6648,0.3352,0.7399,0.2601,0.7359,0.2641,0.8759,0.1241,-1600,+650,1.0625,7.5,-5.5,(-140),(EVEN),19.0,(-130),(-110),-0.2111,nn,v1.2.1,v1.2.1,v1.2.0,v1.2.0,raw,prediction_log_v2,snapshot_v2,exact_feature_snapshot,pending,,False,Player2_Height=default,2026-07-08 07:22:44,7/8/26 9:30 AM,,,,,,,,live
pred_65f55d815753193f163b,2026-07-08T00:54:12.049457,2026-07-08,ITF Men Dallas,Hard,15,R32,Jonah Braswell,William Manning,run_20260708T071952Z,match_9f88a3555a71fb14a755,feat_90bd8fa6d8e6e3ff5425,963.0,1425.0,0.5477,0.4523,0.6873,0.3127,0.6092,0.3908,0.3428,0.6572,+170,-245,2.7,1.4081632653061225,3.5,(-110),(-130),21.0,(-120),(-120),0.2049,nn,v1.2.1,v1.2.1,v1.2.0,v1.2.0,raw,prediction_log_v2,snapshot_v2,exact_feature_snapshot,pending,,False,Player2_Height=default,2026-07-08 07:22:45,7/8/26 11:00 AM,,,,,,,,live
pred_5d3d23713316dc870998,2026-07-08T00:54:13.229726,2026-07-08,ITF Men Dallas,Hard,15,R32,Joshua Sheehy,Sebastian Gorzny,run_20260708T071952Z,match_d9157f55430f80a7d5d2,feat_e855e099d64c774df84c,586.0,958.0,0.4495,0.5505,0.5024,0.4976,0.5956,0.4044,0.3938,0.6062,+135,-190,2.35,1.526315789473684,2.5,(-115),(-125),22.0,(-115),(-125),0.0557,nn,v1.2.1,v1.2.1,v1.2.0,v1.2.0,raw,prediction_log_v2,snapshot_v2,exact_feature_snapshot,pending,,False,Player2_Height=default,2026-07-08 07:22:45,7/8/26 11:00 AM,,,,,,,,live
pred_f06819e611847dce94e1,2026-07-08T00:54:14.701494,2026-07-08,ITF Men Dallas,Hard,15,R32,Luca Pow,Gavin Young,run_20260708T071952Z,match_c6fd9b47b770cdcbd24d,feat_cf5631c1c074c1532042,999.0,593.0,0.6297,0.3703,0.6118,0.3882,0.4461,0.5539,0.3616,0.6384,+155,-225,2.55,1.4444444444444444,3.0,(-115),(-125),21.5,(-120),(-120),0.2681,nn,v1.2.1,v1.2.1,v1.2.0,v1.2.0,raw,prediction_log_v2,snapshot_v2,exact_feature_snapshot,pending,,False,Player2_Height=default,2026-07-08 07:22:46,7/8/26 11:00 AM,,,,,,,,live
pred_3b1222945df5f37aaa6e,2026-07-08T00:54:16.257331,2026-07-08,ITF Men Dallas,Hard,15,R32,Stiles Brockett,Bruno Kuzuhara,run_20260708T071952Z,match_db82b557afe99037d0cf,feat_4c68ac9d935a1e189954,999.0,621.0,0.3263,0.6737,0.3073,0.6927,0.3254,0.6746,0.232,0.768,+300,-480,4.0,1.2083333333333333,4.5,(-105),(-135),20.0,(-125),(-115),0.0943,nn,v1.2.1,v1.2.1,v1.2.0,v1.2.0,raw,prediction_log_v2,snapshot_v2,exact_feature_snapshot,pending,,False,Player1_Height=default,2026-07-08 07:22:46,7/8/26 11:00 AM,,,,,,,,live
pred_6ada5ddab499d1c742b0,2026-07-08T00:54:17.494434,2026-07-08,ITF Men San Salvador de Jujuy,Hard,15,R16,Enzo Kohlmann de Freitas,Julian Cundom,run_20260708T071952Z,match_91951de57243514a71ca,feat_a0e9dab483cc5d69005a,941.0,1007.0,0.6668,0.3332,0.6065,0.3935,0.5671,0.4329,0.7106,0.2894,-330,+220,1.303030303030303,3.2,-4.5,(-115),(-125),20.5,(-110),(-130),-0.0438,nn,v1.2.1,v1.2.1,v1.2.0,v1.2.0,raw,prediction_log_v2,snapshot_v2,exact_feature_snapshot,pending,,True,,2026-07-08 07:22:48,7/8/26 6:30 AM,,,,,,,,live
pred_6cd160252edbff947a84,2026-07-08T00:54:18.601058,2026-07-08,ITF Men San Salvador de Jujuy,Hard,15,R16,Joaquin Aguilar Cardozo,Nicolas Garcia Longo,run_20260708T071952Z,match_7fca0592569da9a1b5f7,feat_dd3e1165cd5ecf314993,548.0,1078.0,0.7226,0.2774,0.6632,0.3368,0.7101,0.2899,0.8964,0.1036,-2500,+800,1.04,9.0,-7.0,(EVEN),(-140),17.5,(-120),(-120),-0.1739,nn,v1.2.1,v1.2.1,v1.2.0,v1.2.0,raw,prediction_log_v2,snapshot_v2,exact_feature_snapshot,pending,,False,Player2_Height=default,2026-07-08 07:22:48,7/8/26 6:30 AM,,,,,,,,live
pred_4895cca02288297bbf33,2026-07-08T00:54:19.690585,2026-07-08,ITF Men San Salvador de Jujuy,Hard,15,R16,Juan Ignacio Gallego,Thiago Cigarran,run_20260708T071952Z,match_70e45f6bd3fe93c5d197,feat_450c84808d823eb543b5,999.0,717.0,0.4484,0.5516,0.4306,0.5694,0.3879,0.6121,0.2761,0.7239,+235,-360,3.35,1.2777777777777777,4.5,(-120),(-120),20.0,(-130),(-110),0.1723,nn,v1.2.1,v1.2.1,v1.2.0,v1.2.0,raw,prediction_log_v2,snapshot_v2,exact_feature_snapshot,pending,,False,Player1_Height=default,2026-07-08 07:22:48,7/8/26 7:30 AM,,,,,,,,live
pred_6464469e7e12e3ac8a71,2026-07-08T00:54:20.822708,2026-07-08,Newport,Hard,C,R64,Mackenzie McDonald,Adam Walton,run_20260708T071952Z,match_9baf6755e8e32236c7ee,feat_459d7ba5a0ac83703dc4,145.0,85.0,0.7413,0.2587,0.2307,0.7693,0.3871,0.6129,0.4899,0.5101,-110,-120,1.9090909090909092,1.8333333333333337,0.5,(-120),(-110),23.0,(-115),(-115),0.2514,nn,v1.2.1,v1.2.1,v1.2.0,v1.2.0,raw,prediction_log_v2,snapshot_v2,exact_feature_snapshot,pending,,True,,2026-07-08 07:22:51,7/8/26 8:00 AM,,,,,,,,live
pred_c091ae8b5d73e3418e1b,2026-07-08T00:54:21.984897,2026-07-08,Newport,Hard,C,R32,Aleksandar Vukic,Liam Broady,run_20260708T071952Z,match_e74d7995a74ff3a6e466,feat_56f6930a028901ee9b46,104.0,209.0,0.6103,0.3897,0.6112,0.3888,0.6041,0.3959,0.5,0.5,-115,-115,1.869565217391304,1.869565217391304,-110.0,(-110),(-120),22.5,(-120),(-110),0.1103,nn,v1.2.1,v1.2.1,v1.2.0,v1.2.0,raw,prediction_log_v2,snapshot_v2,exact_feature_snapshot,pending,,True,,2026-07-08 07:22:52,7/8/26 9:30 AM,,,,,,,,live
pred_5870079c26dde5821b0c,2026-07-08T00:54:23.152117,2026-07-08,Newport,Hard,C,R32,August Holmgren,Tristan Schoolkate,run_20260708T071952Z,match_64685c8dd2c2bb00e018,feat_5189eb61c76e19a26c4b,143.0,149.0,0.4668,0.5332,0.4941,0.5059,0.5142,0.4858,0.4459,0.5541,+110,-145,2.1,1.6896551724137931,1.0,(-110),(-120),23.5,(-115),(-115),0.0209,nn,v1.2.1,v1.2.1,v1.2.0,v1.2.0,raw,prediction_log_v2,snapshot_v2,exact_feature_snapshot,pending,,True,,2026-07-08 07:22:52,7/8/26 9:30 AM,,,,,,,,live
pred_44fd6b8b2c50e6e62db8,2026-07-08T00:54:24.289037,2026-07-08,Newport,Hard,C,R32,Bernard Tomic,Braden Shick,run_20260708T071952Z,match_36afe8a77e0ac3a98f76,feat_f1406a134aa761264d5e,204.0,325.0,0.3925,0.6075,0.4527,0.5473,0.5392,0.4608,0.6379,0.3621,-210,+160,1.4761904761904765,2.6,-3.0,(-110),(-120),22.0,(-120),(-110),-0.2454,nn,v1.2.1,v1.2.1,v1.2.0,v1.2.0,raw,prediction_log_v2,snapshot_v2,exact_feature_snapshot,pending,,True,,2026-07-08 07:22:53,7/8/26 9:30 AM,,,,,,,,live
pred_fdab8cf39f059411bffc,2026-07-08T00:54:25.440099,2026-07-08,Newport,Hard,C,,Daniil Glinka,Bu Yunchaokete,run_20260708T071952Z,match_a6d5c2b6faf4eb3f47c2,feat_c2a9108e55353e2ffbc4,168.0,107.0,0.2568,0.7432,0.305,0.695,0.36,0.64,0.208,0.792,+350,-550,4.5,1.181818181818182,4.0,(-105),(-125),22.0,(-105),(-125),0.0488,nn,v1.2.1,v1.2.1,v1.2.0,v1.2.0,raw,prediction_log_v2,snapshot_v2,exact_feature_snapshot,pending,,False,round_code=None,2026-07-08 07:22:53,7/8/26 12:30 PM,,,,,,,,live
pred_079d0dd7dcb3ad802b49,2026-07-08T00:54:27.000512,2026-07-08,ITF Men Wuning,Hard,15,,Hiiro Sakamoto,James Van Herzeele,run_20260708T071952Z,match_143794919847f92c2b0c,feat_f4bc06dcdb86f9198869,999.0,1116.0,0.6573,0.3427,0.4859,0.5141,0.4665,0.5335,0.3131,0.6869,+195,-290,2.95,1.3448275862068966,4.5,(-115),(-125),19.5,(-125),(-115),0.3442,nn,v1.2.1,v1.2.1,v1.2.0,v1.2.0,raw,prediction_log_v2,snapshot_v2,exact_feature_snapshot,pending,,False,"Player1_Height=default,round_code=None",2026-07-08 07:22:54,7/8/26 1:10 AM,,,,,,,,live
pred_0483c52d1b144fa990c9,2026-07-08T00:54:29.320341,2026-07-08,ITF Men Rancho Santa Fe,Hard,15,R32,Hugo Hashimoto,Noah Johnston,run_20260708T071952Z,match_f3b690386056a03d29a2,feat_6a363e69a68de5f94d0a,999.0,1295.0,0.5878,0.4122,0.6527,0.3473,0.5519,0.4481,0.4011,0.5989,+130,-185,2.3,1.5405405405405406,3.0,(-125),(-115),21.0,(-120),(-120),0.1867,nn,v1.2.1,v1.2.1,v1.2.0,v1.2.0,raw,prediction_log_v2,snapshot_v2,exact_feature_snapshot,pending,,False,Player1_Height=default,2026-07-08 07:22:58,7/8/26 9:00 AM,,,,,,,,live
pred_5e888b81ae3aef5be49c,2026-07-08T00:54:30.545669,2026-07-08,ITF Men Rancho Santa Fe,Hard,15,R32,Joaquim de Almeida,Alejandro Hayen,run_20260708T071952Z,match_f67b075c708690e3d25a,feat_49aaaca93493a99a01d3,999.0,1104.0,0.6185,0.3815,0.5228,0.4772,0.5004,0.4996,0.8302,0.1698,-800,+450,1.125,5.5,,,,,,,-0.2116,nn,v1.2.1,v1.2.1,v1.2.0,v1.2.0,raw,prediction_log_v2,snapshot_v2,exact_feature_snapshot,pending,,False,"Player1_Height=default,Player2_Height=default",2026-07-08 07:22:58,7/8/26 9:00 AM,,,,,,,,live
pred_38da3d0708f167ebf164,2026-07-08T00:54:31.894399,2026-07-08,ITF Men Rancho Santa Fe,Hard,15,R32,Rudy Quan,Henry Ren,run_20260708T071952Z,match_8587513e9f9582dc03be,feat_795284822ea3852f10d3,1306.0,1645.0,0.3758,0.6242,0.5103,0.4897,0.4271,0.5729,0.8834,0.1166,-1800,+700,1.0555555555555556,8.0,-6.5,(-135),(-105),17.5,(-130),(-110),-0.5076,nn,v1.2.1,v1.2.1,v1.2.0,v1.2.0,raw,prediction_log_v2,snapshot_v2,exact_feature_snapshot,pending,,False,Player2_Height=default,2026-07-08 07:22:59,7/8/26 9:00 AM,,,,,,,,live
pred_7e76cafa6ddb5e1bfd1c,2026-07-08T00:54:33.093990,2026-07-08,ITF Men Rancho Santa Fe,Hard,15,R32,Bryce Nakashima,Theodore Dean,run_20260708T071952Z,match_7f9e17bb8da2310dd10a,feat_1f381ac7f88b2b2ee678,1145.0,915.0,0.3241,0.6759,0.4272,0.5728,0.3654,0.6346,0.768,0.232,-480,+300,1.2083333333333333,4.0,-5.5,(-110),(-130),19.5,(-115),(-125),-0.4439,nn,v1.2.1,v1.2.1,v1.2.0,v1.2.0,raw,prediction_log_v2,snapshot_v2,exact_feature_snapshot,pending,,False,Player2_Height=default,2026-07-08 07:22:59,7/8/26 10:00 AM,,,,,,,,live
pred_354bef7871c57381ab63,2026-07-08T00:54:34.243105,2026-07-08,ITF Men Rancho Santa Fe,Hard,15,R32,Reece Falck,Alexander Guajardo,run_20260708T071952Z,match_42fc582c4d10f8a9cb7d,feat_14c88772d5ea906545cc,1279.0,999.0,0.3343,0.6657,0.4346,0.5654,0.4773,0.5227,0.8046,0.1954,-650,+375,1.1538461538461535,4.75,-5.5,(-105),(-135),19.0,(-130),(-110),-0.4702,nn,v1.2.1,v1.2.1,v1.2.0,v1.2.0,raw,prediction_log_v2,snapshot_v2,exact_feature_snapshot,pending,,False,Player2_Height=default,2026-07-08 07:23:00,7/8/26 10:00 AM,,,,,,,,live
pred_ba1f4c6ae2fec042c865,2026-07-08T00:54:35.500948,2026-07-08,ITF Men Rancho Santa Fe,Hard,15,R32,Stian Klaassen,William Zhang,run_20260708T071952Z,match_5cb1ab88fdc0a592ee21,feat_242ced6c9ebbcd302c7d,999.0,1425.0,0.4297,0.5703,0.6354,0.3646,0.5125,0.4875,0.8673,0.1327,-1400,+600,1.0714285714285714,7.0,-6.5,(-125),(-115),18.0,(-110),(-130),-0.4375,nn,v1.2.1,v1.2.1,v1.2.0,v1.2.0,raw,prediction_log_v2,snapshot_v2,exact_feature_snapshot,pending,,False,"Player1_Height=default,Player2_Height=default",2026-07-08 07:23:00,7/8/26 10:00 AM,,,,,,,,live
pred_5ddc6d27e21e20818de1,2026-07-08T00:54:36.661302,2026-07-08,,Hard,15,,Tyler Lee (ARMY),Youssef Kadiri Hassani,run_20260708T071952Z,match_9186a899ca700d44b155,feat_fb1fa47a4de08b9993f0,999.0,1255.0,0.5897,0.4103,0.4832,0.5168,0.4516,0.5484,0.5,0.5,,,,,,,,,,,0.0897,nn,v1.2.1,v1.2.1,v1.2.0,v1.2.0,raw,prediction_log_v2,snapshot_v2,exact_feature_snapshot,pending,,False,"Player1_Height=default,Player2_Height=default,round_code=None",,,,,,,,,,live
pred_e5ad52f788176e65b47b,2026-07-08T00:54:37.840914,2026-07-08,,Hard,15,R32,Benjamin O'Connell,Noah Zamora,run_20260708T071952Z,match_5075791939a1c898ba97,feat_072e7214e94805a6b4f2,999.0,860.0,0.2939,0.7061,0.3112,0.6888,0.3142,0.6858,0.5,0.5,,,,,,,,,,,-0.2061,nn,v1.2.1,v1.2.1,v1.2.0,v1.2.0,raw,prediction_log_v2,snapshot_v2,exact_feature_snapshot,pending,,False,Player1_Height=default,,,,,,,,,,live
pred_50176cb3d459eeff8f4e,2026-07-08T00:54:39.124114,2026-07-08,ITF Men Rancho Santa Fe,Hard,15,R32,Hiroki Sakagawa,Roshan Santhosh,run_20260708T071952Z,match_0374a184720b23f46045,feat_a1a752cba2e9ea9845e6,999.0,999.0,0.6784,0.3216,0.7208,0.2792,0.6221,0.3779,0.6305,0.3695,-215,+150,1.4651162790697674,2.5,-3.5,(-125),(-115),20.0,(-125),(-115),0.0479,nn,v1.2.1,v1.2.1,v1.2.0,v1.2.0,raw,prediction_log_v2,snapshot_v2,exact_feature_snapshot,pending,,False,"Player1_Height=default,Player2_Height=default",2026-07-08 07:23:02,7/8/26 12:00 PM,,,,,,,,live
pred_0f1d1b165470b923945c,2026-07-08T00:54:40.287516,2026-07-08,ITF Men Rancho Santa Fe,Hard,15,R32,Jack Anthrop,Alexander Chang,run_20260708T071952Z,match_ef67f683d9e9a224ac1f,feat_4584b497867e51f6bf2b,877.0,1296.0,0.588,0.412,0.6095,0.3905,0.588,0.412,0.6639,0.3361,-255,+175,1.392156862745098,2.75,-3.5,(-130),(-110),21.0,(-120),(-120),-0.0759,nn,v1.2.1,v1.2.1,v1.2.0,v1.2.0,raw,prediction_log_v2,snapshot_v2,exact_feature_snapshot,pending,,True,,2026-07-08 07:23:02,7/8/26 12:00 PM,,,,,,,,live
pred_99bd744d6027ed1df9ab,2026-07-08T00:54:41.424061,2026-07-08,ITF Men Rancho Santa Fe,Hard,15,R32,Karl Kazuma Lee,Stefan Cooper,run_20260708T071952Z,match_3bf36c415bfcf49f8451,feat_c92ffbc26646ccdc5c1f,601.0,1162.0,0.6981,0.3019,0.6997,0.3003,0.6576,0.3424,0.768,0.232,-480,+300,1.2083333333333333,4.0,-5.0,(-105),(-135),20.0,(-125),(-115),-0.0699,nn,v1.2.1,v1.2.1,v1.2.0,v1.2.0,raw,prediction_log_v2,snapshot_v2,exact_feature_snapshot,pending,,False,"P1_Rank_Volatility_90d=default,Player2_Height=default",2026-07-08 07:23:03,7/8/26 12:00 PM,,,,,,,,live
pred_75aeb633e0d209ab6a4a,2026-07-08T00:54:42.554644,2026-07-08,ITF Men Laval,Hard,15,R32,Duncan Chan,Nicola Ion,run_20260708T071952Z,match_094061ecc77fd8245d6a,feat_95a265d2d65f53da7ba2,640.0,1528.0,0.6923,0.3077,0.6672,0.3328,0.6716,0.3284,0.8901,0.1099,-2000,+750,1.05,8.5,-6.0,(-120),(-120),19.0,(-120),(-120),-0.1977,nn,v1.2.1,v1.2.1,v1.2.0,v1.2.0,raw,prediction_log_v2,snapshot_v2,exact_feature_snapshot,pending,,False,Player2_Height=default,2026-07-08 07:23:06,7/8/26 10:00 AM,,,,,,,,live
pred_8d036c8aa66d4b16066a,2026-07-08T00:54:43.743453,2026-07-08,ITF Men Laval,Hard,15,R32,Jay Dylan Hara Friend,Eloi Roux,run_20260708T071952Z,match_8ec259be2a8a372fd86c,feat_2798aabef7e71963fb53,407.0,999.0,0.6328,0.3672,0.6807,0.3193,0.737,0.263,0.9565,0.0435,-100000,+2100,1.001,22.0,-8.0,(-110),(-130),16.0,(-135),(-105),-0.3237,nn,v1.2.1,v1.2.1,v1.2.0,v1.2.0,raw,prediction_log_v2,snapshot_v2,exact_feature_snapshot,pending,,True,,2026-07-08 07:23:06,7/8/26 10:00 AM,,,,,,,,live
pred_6f0d57b8e33740752368,2026-07-08T00:54:44.885001,2026-07-08,ITF Men Laval,Hard,15,R32,Niels Peter Van Noord,Mikael Arseneault,run_20260708T071952Z,match_b7e96dcff256205bcc4a,feat_bf274f48609307b22fe9,999.0,1190.0,0.5755,0.4245,0.4996,0.5004,0.5151,0.4849,0.1549,0.8451,+500,-1000,6.0,1.1,,,,,,,0.4206,nn,v1.2.1,v1.2.1,v1.2.0,v1.2.0,raw,prediction_log_v2,snapshot_v2,exact_feature_snapshot,pending,,False,Player1_Height=default,2026-07-08 07:23:07,7/8/26 10:00 AM,,,,,,,,live
pred_7d8e5b4a4781be5bd857,2026-07-08T00:54:46.088375,2026-07-08,ITF Men Laval,Hard,15,,Karl Poling,Sasha Rozin,run_20260708T071952Z,match_b8f123826cdbb5507c51,feat_fe12c4e156eb02736dcd,506.0,1256.0,0.7106,0.2894,0.8281,0.1719,0.7855,0.2145,0.5095,0.4905,-125,-115,1.8,1.869565217391304,-0.5,(-120),(-120),21.5,(-120),(-120),0.2012,nn,v1.2.1,v1.2.1,v1.2.0,v1.2.0,raw,prediction_log_v2,snapshot_v2,exact_feature_snapshot,pending,,False,"Player2_Height=default,round_code=None",2026-07-08 07:23:07,7/8/26 11:00 AM,,,,,,,,live
pred_e5fd5185bf6f9c78e478,2026-07-08T00:54:47.204332,2026-07-08,ITF Men Laval,Hard,15,R32,Timo Legout,Justin Roberts,run_20260708T071952Z,match_a0fc538cc5bf9ca55e2d,feat_2e5e8dc87f64034b1dfd,961.0,966.0,0.7236,0.2764,0.785,0.215,0.6533,0.3467,0.9151,0.0849,-5000,+1000,1.02,11.0,,,,,,,-0.1916,nn,v1.2.1,v1.2.1,v1.2.0,v1.2.0,raw,prediction_log_v2,snapshot_v2,exact_feature_snapshot,pending,,True,,2026-07-08 07:23:07,7/8/26 11:00 AM,,,,,,,,live
pred_0ceaa685f040f504bc67,2026-07-08T00:54:48.342589,2026-07-08,ITF Men Laval,Hard,15,R32,Cole Thurgur,Joshua Peck,run_20260708T071952Z,match_e9b9779509f4233cb9e2,feat_865df8dc8e923f9bd9d2,999.0,1339.0,0.7225,0.2775,0.6378,0.3622,0.5301,0.4699,0.2188,0.7812,+325,-525,4.25,1.1904761904761905,5.5,(-130),(-110),19.5,(-110),(-130),0.5037,nn,v1.2.1,v1.2.1,v1.2.0,v1.2.0,raw,prediction_log_v2,snapshot_v2,exact_feature_snapshot,pending,,False,Player1_Height=default,2026-07-08 07:23:08,7/8/26 12:30 PM,,,,,,,,live
pred_ad8740dc2aa8d5bee3a5,2026-07-08T00:54:49.519802,2026-07-08,ITF Men Laval,Hard,15,R32,Maxime St-Hilaire,Alexandre Bergeron,run_20260708T071952Z,match_0da2ef456b0d0d1764d3,feat_d3171a63a02a66904ebb,999.0,1066.0,0.4609,0.5391,0.5941,0.4059,0.4765,0.5235,0.4615,0.5385,EVEN,-140,2.0,1.7142857142857144,1.5,(-120),(-120),20.5,(-110),(-130),-0.0006,nn,v1.2.1,v1.2.1,v1.2.0,v1.2.0,raw,prediction_log_v2,snapshot_v2,exact_feature_snapshot,pending,,False,"P1_Rank_Volatility_90d=default,Player1_Height=default,Player2_Height=default",2026-07-08 07:23:08,7/8/26 2:00 PM,,,,,,,,live
pred_597c8bcf9a29f2c72cbd,2026-07-08T00:54:50.677503,2026-07-08,ITF Men Laval,Hard,15,R32,Miko Lapalme,Strong Kirchheimer,run_20260708T071952Z,match_e7824c965cc09c7cb4f3,feat_27ad52a1cd67ba747511,999.0,634.0,0.3352,0.6648,0.3288,0.6712,0.3649,0.6351,0.1549,0.8451,+500,-1000,6.0,1.1,,,,,,,0.1803,nn,v1.2.1,v1.2.1,v1.2.0,v1.2.0,raw,prediction_log_v2,snapshot_v2,exact_feature_snapshot,pending,,False,Player1_Height=default,2026-07-08 07:23:08,7/8/26 3:00 PM,,,,,,,,live
