logged_at,match_date,tournament,surface,level,round,p1,p2,model_p1_prob,model_p2_prob,market_p1_prob,market_p2_prob,p1_odds_american,p2_odds_american,edge_p1,model_version,features_complete,defaulted_features,actual_winner,score,settled_at,model_correct,market_correct,p1_odds_decimal,p2_odds_decimal,spread_handicap,spread_odds_p1,spread_odds_p2,total_games,total_odds_over,total_odds_under,p1_rank,p2_rank
2026-03-16 16:55:51.208894,2026-03-16,Miami,Hard,M,Q1,Cristian Garin,Liam Draxl,0.3115,0.6885,0.5652,0.4348,-130,110.0,-0.2537,NN-PRE-SURFACE_FIX,True,,2.0,"4-6, 6-4, 6-2",2026-03-16T16:55:51.208884,1.0,0.0,,,,,,,,,,
2026-03-16 16:55:51.215842,2026-03-16,Miami,Hard,M,Q1,Jay Clarke,Shintaro Mochizuki,0.4064,0.5936,0.3125,0.6875,220,-275.0,0.0939,NN-PRE-SURFACE_FIX,True,,1.0,"6-4, 3-6, 6-1",2026-03-16T16:55:51.215833,0.0,0.0,,,,,,,,,,
2026-03-16 16:55:51.219479,2026-03-16,Miami,Hard,M,Q1,Patrick Kypson,Nikoloz Basilashvili,0.0675,0.9325,0.7222,0.2778,-260,210.0,-0.6547,NN-PRE-SURFACE_FIX,True,,2.0,"6-3, 6-1",2026-03-16T16:55:51.219472,1.0,0.0,,,,,,,,,,
2026-03-16 16:55:51.221128,2026-03-16,Miami,Hard,M,Q1,Alexander Blockx,Chun Hsin Tseng,0.3256,0.6744,0.8,0.2,-400,300.0,-0.4744,NN-PRE-SURFACE_FIX,True,,1.0,"7-6(5), 6-3",2026-03-16T16:55:51.221122,0.0,1.0,,,,,,,,,,
2026-03-17 02:55:26.490133,2026-03-16,Miami,Hard,M,Q2,Arthur Fery,Bu Yunchaokete,0.3256,0.6744,0.4344,0.5656,+120,-145.0,-0.1088,NN-PRE-SURFACE_FIX,True,,1.0,"6-3, 3-6, 7-5",2026-03-17T13:39:33.725262,0.0,0.0,,,,,,,,,,
2026-03-17 02:55:26.498937,2026-03-16,Miami,Hard,M,Q2,Yannick Hanfmann,Luca van Assche,0.6194,0.3806,0.5564,0.4436,-140,115.0,0.063,NN-PRE-SURFACE_FIX,True,,1.0,"6-1, 5-7, 6-3",2026-03-17T13:39:33.724650,1.0,1.0,,,,,,,,,,
2026-03-17 02:55:26.512896,2026-03-15,Miami,Hard,M,Q1,Aleksandar Vukic,Billy Harris,0.5016,0.4984,0.7335,0.2665,-325,260.0,-0.2319,NN-PRE-SURFACE_FIX,True,,-1.0,"VOID: 7-6(3), 6-4",2026-03-17T13:39:33.725776,,,,,,,,,,,,
2026-03-17 02:55:26.516301,2026-03-17,Miami,Hard,M,,Zachary Svajda,Colton Smith,,,0.5564,0.4436,-140,115.0,,NN-PRE-SURFACE_FIX,True,,1.0,6-7(6) 6-3 6-1,2026-03-17T18:47:09.572306,,1.0,,,,,,,,,,
2026-03-17 02:55:26.532273,2026-03-18,Miami,Hard,M,R128,Alejandro Tabilo,Francisco Comesana,0.8179,0.1821,0.6756,0.3244,-240,195.0,0.1423,NN-PRE-SURFACE_FIX,True,,1.0,6-4 6-2,2026-03-21T16:16:14.370127,1.0,1.0,,,,,,,,,,
2026-03-17 02:55:26.535255,2026-03-18,Miami,Hard,M,R128,Aleksandar Kovacevic,Rei Sakamoto,0.7436,0.2564,0.594,0.406,-165,135.0,0.1496,NN-PRE-SURFACE_FIX,True,,2.0,6-4 3-6 7-6(7),2026-03-21T16:16:17.700568,0.0,0.0,,,,,,,,,,
2026-03-17 02:55:26.538235,2026-03-18,Miami,Hard,M,R128,Alexandre Muller,Matteo Berrettini,0.452,0.548,0.2988,0.7012,+220,-275.0,0.1532,NN-PRE-SURFACE_FIX,True,,2.0,6-4 6-2,2026-03-21T16:16:21.066008,1.0,1.0,,,,,,,,,,
2026-03-17 02:55:26.551378,2026-03-18,Miami,Hard,M,R128,Ethan Quinn,Hubert Hurkacz,0.1355,0.8645,0.4892,0.5108,-105,-115.0,-0.3537,NN-PRE-SURFACE_FIX,True,,1.0,6-2 6-4,2026-03-21T16:16:24.304805,0.0,0.0,,,,,,,,,,
2026-03-17 02:55:26.554597,2026-03-18,Miami,Hard,M,R128,Fabian Marozsan,Joao Fonseca,0.6389,0.3611,0.2665,0.7335,+260,-325.0,0.3724,NN-PRE-SURFACE_FIX,True,,2.0,6-4 3-6 6-2,2026-03-21T16:16:27.570242,0.0,1.0,,,,,,,,,,
2026-03-17 02:55:26.558119,2026-03-18,Miami,Hard,M,R128,Gabriel Diallo,Yibing Wu,0.5716,0.4284,0.5,0.5,-110,-110.0,0.0716,NN-PRE-SURFACE_FIX,True,,1.0,6-2 7-6(3),2026-03-21T16:17:00.875045,1.0,0.0,,,,,,,,,,
2026-03-17 02:55:26.563293,2026-03-18,Miami,Hard,M,R128,Giovanni Mpetshi Perricard,Camilo Ugo Carabelli,0.64,0.36,0.6912,0.3088,-260,210.0,-0.0512,NN-PRE-SURFACE_FIX,True,,2.0,2-6 6-3 7-6(3),2026-03-21T16:17:04.125991,0.0,0.0,,,,,,,,,,
2026-03-17 02:55:26.589906,2026-03-18,Miami,Hard,M,R128,Reilly Opelka,Nuno Borges,0.4676,0.5324,0.5564,0.4436,-140,115.0,-0.0888,NN-PRE-SURFACE_FIX,True,,1.0,6-7(6) 6-2 7-6(5),2026-03-21T16:17:07.388250,0.0,1.0,,,,,,,,,,
2026-03-17 02:55:26.597282,2026-03-18,Miami,Hard,M,R128,Zizou Bergs,Jenson Brooksby,0.6529,0.3471,0.4573,0.5427,+110,-130.0,0.1956,NN-PRE-SURFACE_FIX,True,,1.0,7-5 6-2,2026-03-21T16:17:40.704692,1.0,0.0,,,,,,,,,,
2026-03-17 02:55:26.607252,2026-03-17,ITF Men Toulouse,Hard,15,,Kenny de Schepper,Mathys Picard,,,0.8224,0.1776,-750,425.0,,NN-PRE-SURFACE_FIX,True,,,,,,,,,,,,,,,,
2026-03-17 02:55:26.611036,2026-03-17,ITF Men Toulouse,Hard,15,,Matisse Bobichon,Tom Paris,,,0.3033,0.6967,+205,-305.0,,NN-PRE-SURFACE_FIX,True,,,,,,,,,,,,,,,,
2026-03-17 02:55:26.615085,2026-03-17,ITF Men Toulouse,Hard,15,,Daniel Jade,Gauthier Onclin,,,0.0849,0.9151,+1000,-5000.0,,NN-PRE-SURFACE_FIX,True,,,,,,,,,,,,,,,,
2026-03-17 02:55:26.618849,2026-03-17,ITF Men Toulouse,Hard,15,,Arthur Nagel,Niels Visker,,,0.5287,0.4713,-135,-105.0,,NN-PRE-SURFACE_FIX,True,,,,,,,,,,,,,,,,
2026-03-17 02:55:26.622206,2026-03-17,ITF Men Toulouse,Hard,15,,Charles Broom,Alexandre Reco,,,0.8901,0.1099,-2000,750.0,,NN-PRE-SURFACE_FIX,False,round_code=None,,,,,,,,,,,,,,,
2026-03-17 02:55:26.626054,2026-03-17,ITF Men Toulouse,Hard,15,,Clement Deleersnyder,Viktor Durasovic,,,0.1954,0.8046,+375,-650.0,,NN-PRE-SURFACE_FIX,True,,,,,,,,,,,,,,,,
2026-03-17 02:55:26.629305,2026-03-17,ITF Men Toulouse,Hard,15,,Daniel Masur,Maxence Beauge,,,0.7534,0.2466,-440,275.0,,NN-PRE-SURFACE_FIX,False,round_code=None,,,,,,,,,,,,,,,
2026-03-17 02:55:26.632850,2026-03-17,ITF Men Toulouse,Hard,15,,Ferdinand Livet Novkirichka,Antoine Ghibaudo,,,0.1954,0.8046,+375,-650.0,,NN-PRE-SURFACE_FIX,True,,,,,,,,,,,,,,,,
2026-03-17 02:55:26.636054,2026-03-17,ITF Men Toulouse,Hard,15,,Liam Branger,Tanguy Genier,,,0.6967,0.3033,-305,205.0,,NN-PRE-SURFACE_FIX,True,,,,,,,,,,,,,,,,
2026-03-17 02:55:26.639457,2026-03-17,ITF Men Toulouse,Hard,15,,Lucas Poullain,Loann Massard,,,0.6572,0.3428,-245,170.0,,NN-PRE-SURFACE_FIX,True,,,,,,,,,,,,,,,,
2026-03-17 02:55:26.643056,2026-03-17,ITF Men Toulouse,Hard,15,,Matteo Martineau,Lenny Couturier,,,0.9151,0.0849,-5000,1000.0,,NN-PRE-SURFACE_FIX,True,,,,,,,,,,,,,,,,
2026-03-17 02:55:26.646990,2026-03-17,ITF Men Toulouse,Hard,15,,Raphael Perot,Marvin Moeller,,,0.4484,0.5516,+105,-150.0,,NN-PRE-SURFACE_FIX,True,,,,,,,,,,,,,,,,
2026-03-17 02:55:26.650554,2026-03-17,ITF Men Toulouse,Hard,15,,Sebastian Sorger,Timeo Trufelli,,,0.7941,0.2059,-600,350.0,,NN-PRE-SURFACE_FIX,True,,,,,,,,,,,,,,,,
2026-03-17 01:27:10.466270,2026-03-17,ITF Men Toulouse,Hard,15,,Richard Antoni,Michael Agwi,,,0.1166,0.8834,700,-1800.0,,NN-PRE-SURFACE_FIX,True,,,,,,,,,,,,,,,,
2026-03-17 02:55:26.603884,2026-03-17,ITF Men Toulouse,Hard,15,,Mae Malige,Mika Brunold,,,0.3616,0.6384,+155,-225.0,,NN-PRE-SURFACE_FIX,True,,,,,,,,,,,,,,,,
2026-03-17 02:55:26.654819,2026-03-17,ITF Men Toulouse,Hard,15,,Yanis Ghazouani Durand,Mickael Kaouk,,,0.6572,0.3428,-245,170.0,,NN-PRE-SURFACE_FIX,True,,,,,,,,,,,,,,,,
2026-03-17 02:00:25.400479,2026-03-17,Zadar,Clay,C,,Josip Simundza,Sergi Perez Contri,,,0.3231,0.6769,+190,-260.0,,NN-PRE-SURFACE_FIX,False,round_code=None,2.0,6-1 6-1,2026-03-17T18:50:27.923362,,1.0,,,,,,,,,,
2026-03-17 01:27:10.477940,2026-03-17,Zadar,Clay,C,,Martin Krumich,John Sperle,,,0.7571,0.2429,-425,285.0,,NN-PRE-SURFACE_FIX,True,,1.0,7-5 6-4,2026-03-17T18:50:31.294117,,1.0,,,,,,,,,,
2026-03-17 02:00:25.403882,2026-03-17,Zadar,Clay,C,,Max Alcala Gurri,Matyas Cerny,,,0.7162,0.2838,-325,230.0,,NN-PRE-SURFACE_FIX,True,,1.0,6-2 6-2,2026-03-17T18:50:34.547421,,1.0,,,,,,,,,,
2026-03-17 02:55:26.843282,2026-03-17,Zadar,Clay,C,,Dusan Obradovic,Duje Ajdukovic,,,0.2838,0.7162,+230,-325,,NN-PRE-SURFACE_FIX,True,,2.0,6-0 6-4,2026-03-17T18:50:37.803979,,1.0,,,,,,,,,,
2026-03-17 02:55:26.847267,2026-03-17,Zadar,Clay,C,R32,Laurent Lokoli,Matej Dodig,0.6662,0.3338,0.3231,0.6769,+190,-260,0.3431,NN-PRE-SURFACE_FIX,True,,2.0,2-6 6-2 7-6(0),2026-03-17T18:51:11.123497,0.0,1.0,,,,,,,,,,
2026-03-17 02:55:26.851314,2026-03-17,Zadar,Clay,C,R32,Lorenzo Giustino,Jonas Forejtek,0.8606,0.1394,0.4797,0.5203,-105,-125,0.3809,NN-PRE-SURFACE_FIX,True,,2.0,6-2 6-4,2026-03-17T18:51:14.475315,0.0,1.0,,,,,,,,,,
2026-03-17 02:55:26.855320,2026-03-17,Zadar,Clay,C,R32,Christian Langmo,Alex Molcan,0.017,0.983,0.1875,0.8125,+400,-650,-0.1705,NN-PRE-SURFACE_FIX,True,,2.0,6-1 6-3,2026-03-17T18:51:17.800208,1.0,1.0,,,,,,,,,,
2026-03-17 02:55:26.859071,2026-03-17,Zadar,Clay,C,,Nerman Fatic,Tiago Pereira,,,0.6875,0.3125,-275,+200,,NN-PRE-SURFACE_FIX,True,,1.0,7-5 6-2,2026-03-17T18:51:51.096860,,1.0,,,,,,,,,,
2026-03-17 02:55:26.862729,2026-03-17,Zadar,Clay,C,R32,Stefano Travaglia,Mili Poljicak,0.8636,0.1364,0.5408,0.4592,-135,+105,0.3228,NN-PRE-SURFACE_FIX,True,,1.0,7-5 7-5,2026-03-17T18:51:54.429265,1.0,1.0,,,,,,,,,,
2026-03-17 02:55:26.867392,2026-03-17,Zadar,Clay,C,R32,Lukas Neumayer,Sumit Nagal,0.2286,0.7714,0.5633,0.4367,-150,+115,-0.3347,NN-PRE-SURFACE_FIX,True,,1.0,3-6 6-3 6-4,2026-03-21T16:20:02.266077,0.0,1.0,,,,,,,,,,
2026-03-17 02:55:26.874586,2026-03-17,Zadar,Clay,C,R32,Dimitar Kuzmanov,Arthur Gea,0.7703,0.2297,0.2892,0.7108,+225,-310,0.4811,NN-PRE-SURFACE_FIX,True,,2.0,4-6 6-2 6-3,2026-03-21T16:20:05.587786,0.0,1.0,,,,,,,,,,
2026-03-17 02:55:26.659875,2026-03-17,ITF Men Sharm El Sheikh,Hard,15,,Filippo Mazzola,Charlie Pycroft,,,0.9221,0.0779,-7000,1100.0,,NN-PRE-SURFACE_FIX,True,,,,,,,,,,,,,,,,
2026-03-17 02:55:26.663473,2026-03-17,ITF Men Sharm El Sheikh,Hard,15,,Jan Wygona,Karim El Feky,,,0.6384,0.3616,-225,155.0,,NN-PRE-SURFACE_FIX,True,,,,,,,,,,,,,,,,
2026-03-17 02:55:26.666951,2026-03-17,ITF Men Sharm El Sheikh,Hard,15,,Oskari Eerola,Patrick Kotan,,,0.8046,0.1954,-650,375.0,,NN-PRE-SURFACE_FIX,True,,,,,,,,,,,,,,,,
2026-03-17 02:55:26.670723,2026-03-17,ITF Men Sharm El Sheikh,Hard,15,,Sebastian Grundtvig Jorgensen,Aleksandre Shvangiradze,,,0.845,0.155,-1000,500.0,,NN-PRE-SURFACE_FIX,True,,,,,,,,,,,,,,,,
2026-03-17 02:55:26.674585,2026-03-17,ITF Men Sharm El Sheikh,Hard,15,,Anas Mazdrashki,Ruslan Kastsiukevich,,,0.8046,0.1954,-650,375.0,,NN-PRE-SURFACE_FIX,True,,,,,,,,,,,,,,,,
2026-03-17 02:55:26.681348,2026-03-17,ITF Men Sharm El Sheikh,Hard,15,,Jacob Bradshaw,Alan Wazny,,,0.7598,0.2402,-460,285.0,,NN-PRE-SURFACE_FIX,True,,,,,,,,,,,,,,,,
2026-03-17 02:55:26.684803,2026-03-17,ITF Men Sharm El Sheikh,Hard,15,,Kris van Wyk,Leyton Rivera,,,0.6869,0.3131,-290,195.0,,NN-PRE-SURFACE_FIX,False,round_code=None,,,,,,,,,,,,,,,
2026-03-17 02:55:26.688095,2026-03-17,ITF Men Sharm El Sheikh,Hard,15,,Nikita Bilozertsev,Alessandro Pecci,,,0.5,0.5,-120,-120.0,,NN-PRE-SURFACE_FIX,True,,2.0,6-1 6-4,2026-03-22T02:45:46.365771,,0.0,,,,,,,,,,
2026-03-17 02:55:26.691947,2026-03-17,ITF Men Sharm El Sheikh,Hard,15,,Robert Strombachs,Jasza Szajrych,,,0.8834,0.1166,-1800,700.0,,NN-PRE-SURFACE_FIX,True,,,,,,,,,,,,,,,,
2026-03-17 02:55:26.677939,2026-03-17,ITF Men Sharm El Sheikh,Hard,15,,Sydney Zick,Samuel Vincent Ruggeri,,,0.186,0.814,+400,-700.0,,NN-PRE-SURFACE_FIX,True,,,,,,,,,,,,,,,,
2026-03-17 02:55:26.695228,2026-03-17,ITF Men Sharm El Sheikh,Hard,15,,Wishaya Trongcharoenchaikul,Pieter de Lange,,,0.4616,0.5384,EVEN,-140.0,,NN-PRE-SURFACE_FIX,True,,,,,,,,,,,,,,,,
2026-03-17 02:55:26.797160,2026-03-17,Murcia,Clay,C,R32,Alejandro Moro Canas,Vilius Gaubas,0.2676,0.7324,0.3231,0.6769,+190,-260,-0.0555,NN-PRE-SURFACE_FIX,True,,1.0,7-6(2) 6-2,2026-03-17T18:54:06.901956,0.0,0.0,,,,,,,,,,
2026-03-17 02:55:26.800901,2026-03-17,,Clay,C,,Elmer Møller,Kimmer Coppejans,,,0.5,0.5,,,,NN-PRE-SURFACE_FIX,True,,,,,,,,,,,,,,,,
2026-03-17 02:55:26.804891,2026-03-17,Murcia,Clay,C,R32,Nikolas Sanchez-Izquierdo,Roberto Carballes Baena,0.0671,0.9329,0.3294,0.6706,+185,-250,-0.2623,NN-PRE-SURFACE_FIX,True,,2.0,6-3 7-6(5),2026-03-17T18:54:43.386872,1.0,1.0,,,,,,,,,,
2026-03-17 02:55:26.808668,2026-03-17,Murcia,Clay,C,R32,Carlos Sanchez Jover,Pablo Carreno-Busta,0.2154,0.7846,0.2258,0.7742,+315,-475,-0.0104,NN-PRE-SURFACE_FIX,True,,,,,,,,,,,,,,,,
2026-03-17 02:55:26.813303,2026-03-17,Murcia,Clay,C,R32,Jesper de Jong,Benjamin Hassan,0.3677,0.6323,0.7742,0.2258,-475,+315,-0.4065,NN-PRE-SURFACE_FIX,True,,1.0,6-3 3-6 6-3,2026-03-17T18:55:20.183294,0.0,1.0,,,,,,,,,,
2026-03-17 02:55:26.817679,2026-03-17,Murcia,Clay,C,R32,Sebastian Ofner,Frederico Ferreira Silva,0.3527,0.6473,0.7353,0.2647,-360,+255,-0.3826,NN-PRE-SURFACE_FIX,True,,1.0,6-2 7-6(4),2026-03-17T18:55:23.694868,0.0,1.0,,,,,,,,,,
2026-03-17 02:55:26.822098,2026-03-17,Murcia,Clay,C,R32,Louis Wessels,Max Houkes,0.4625,0.5375,0.2311,0.7689,+305,-460,0.2314,NN-PRE-SURFACE_FIX,True,,2.0,6-2 6-2,2026-03-17T18:55:27.742695,1.0,1.0,,,,,,,,,,
2026-03-17 02:55:26.826098,2026-03-17,Murcia,Clay,C,R32,Pablo Llamas Ruiz,David Jorda Sanchis,0.3324,0.6676,0.787,0.213,-525,+340,-0.4546,NN-PRE-SURFACE_FIX,True,,1.0,6-1 6-2,2026-03-17T18:55:31.409632,0.0,1.0,,,,,,,,,,
2026-03-17 02:55:26.835191,2026-03-17,Murcia,Clay,C,,Justin Engel,Abedallah Shelbayh,,,0.6315,0.3685,-205,+155,,NN-PRE-SURFACE_FIX,True,,1.0,6-3 3-6 7-5,2026-03-17T18:55:34.711611,,1.0,,,,,,,,,,
2026-03-17 02:55:26.839103,2026-03-17,Murcia,Clay,C,R32,Andrea Pellegrino,Pol Martin Tiffon,0.5166,0.4834,0.609,0.391,-185,+140,-0.0924,NN-PRE-SURFACE_FIX,True,,1.0,6-4 6-4,2026-03-17T18:55:38.096473,1.0,1.0,,,,,,,,,,
2026-03-17 02:55:26.947884,2026-03-17,ITF Men Heraklion,Hard,15,,Luca Potenza,Luca Castagnola,,,0.6384,0.3616,-225,+155,,NN-PRE-SURFACE_FIX,True,,,,,,,,,,,,,,,,
2026-03-17 02:55:26.951044,2026-03-17,ITF Men Heraklion,Hard,15,,Daniel Siniakov,Dimitris Sakellaridis,,,0.6221,0.3779,-205,+145,,NN-PRE-SURFACE_FIX,True,,,,,,,,,,,,,,,,
2026-03-17 02:55:26.954268,2026-03-17,ITF Men Heraklion,Hard,15,,Petros Tsitsipas,Jack Loge,,,0.2402,0.7598,+285,-460,,NN-PRE-SURFACE_FIX,True,,,,,,,,,,,,,,,,
2026-03-17 02:55:26.957581,2026-03-17,ITF Men Heraklion,Hard,15,,Radu Mihai Papoe,Imanol Lopez Morillo,,,0.7197,0.2803,-350,+230,,NN-PRE-SURFACE_FIX,False,round_code=None,,,,,,,,,,,,,,,
2026-03-17 02:55:26.960708,2026-03-17,ITF Men Heraklion,Hard,15,,Robin Bertrand,Ziga Sesko,,,0.7197,0.2803,-350,+230,,NN-PRE-SURFACE_FIX,True,,,,,,,,,,,,,,,,
2026-03-17 02:55:26.964254,2026-03-17,ITF Men Heraklion,Hard,15,,Nino Ehrenschneider,Melios Efstathiou,,,0.4905,0.5095,-115,-125,,NN-PRE-SURFACE_FIX,True,,,,,,,,,,,,,,,,
2026-03-17 02:55:26.968861,2026-03-17,ITF Men Heraklion,Hard,15,,Pietro Orlando Fellin,Ioannis Xilas,,,0.3188,0.6812,+190,-280,,NN-PRE-SURFACE_FIX,True,,,,,,,,,,,,,,,,
2026-03-17 02:55:26.881549,2026-03-17,Asuncion,Clay,C,Q2,Joao Eduardo Schiessl,Johannes Ingildsen,0.8549,0.1451,0.6641,0.3359,-240,+180,0.1908,NN-PRE-SURFACE_FIX,True,,1.0,6-4 6-3,2026-03-17T18:57:02.462457,1.0,1.0,,,,,,,,,,
2026-03-17 02:55:26.884748,2026-03-17,Asuncion,Clay,C,,Valerio Aboian,Arklon Huertas del Pino Cordova,,,0.6965,0.3035,-285,+210,,NN-PRE-SURFACE_FIX,True,,,,,,,,,,,,,,,,
2026-03-17 02:55:26.888604,2026-03-17,Asuncion,Clay,C,,Connor Huertas del Pino,Julian Cundom,,,0.7353,0.2647,-360,+255,,NN-PRE-SURFACE_FIX,True,,,,,,,,,,,,,,,,
2026-03-17 02:55:26.892428,2026-03-17,Asuncion,Clay,C,Q2,Paulo Andre Saraiva dos Santos,Franco Ribero,0.6309,0.3691,0.625,0.375,-200,+150,0.0059,NN-PRE-SURFACE_FIX,True,,1.0,6-3 2-6 6-4,2026-03-17T18:57:11.723339,1.0,1.0,,,,,,,,,,
2026-03-17 02:55:26.896137,2026-03-17,Asuncion,Clay,C,,Thiago Cigarran,Valentin Basel,,,0.5993,0.4007,-175,+135,,NN-PRE-SURFACE_FIX,True,,1.0,7-5 2-6 6-4,2026-03-17T18:57:16.163083,,1.0,,,,,,,,,,
2026-03-17 02:55:26.899528,2026-03-17,Asuncion,Clay,C,R32,Alex Barrena,Cannon Kingsley,0.8034,0.1966,0.6379,0.3621,-210,+160,0.1655,NN-PRE-SURFACE_FIX,True,,1.0,7-5 6-3,2026-03-17T18:57:19.597654,1.0,1.0,,,,,,,,,,
2026-03-17 02:55:26.903492,2026-03-17,Asuncion,Clay,C,R32,Guido Ivan Justo,Juan Carlos Prado Angelo,0.6357,0.3643,0.4694,0.5306,EVEN,-130,0.1663,NN-PRE-SURFACE_FIX,True,,2.0,6-3 6-4,2026-03-17T18:57:22.897335,0.0,1.0,,,,,,,,,,
2026-03-17 02:55:26.906677,2026-03-17,Asuncion,Clay,C,R32,Mariano Kestelboim,Juan Pablo Varillas,0.2086,0.7914,0.234,0.766,+300,-450,-0.0254,NN-PRE-SURFACE_FIX,True,,2.0,6-0 6-4,2026-03-21T16:23:15.017621,1.0,1.0,,,,,,,,,,
2026-03-17 02:55:26.909859,2026-03-17,Asuncion,Clay,C,,Gonzalo Bueno,Joao Pedro Didoni Bonini,,,0.9206,0.0794,-2800,+1100,,NN-PRE-SURFACE_FIX,True,,1.0,6-2 7-5,2026-03-21T16:23:18.313204,,1.0,,,,,,,,,,
2026-03-17 02:55:26.913028,2026-03-17,Asuncion,Clay,C,,Lautaro Midon,Gonzalo Villanueva,,,0.6315,0.3685,-205,+155,,NN-PRE-SURFACE_FIX,True,,1.0,7-5 6-3,2026-03-21T16:23:21.567335,,1.0,,,,,,,,,,
2026-03-17 02:55:26.923233,2026-03-17,Asuncion,Clay,C,,Murkel Dellien,Alex Santino Nunez Vera,,,0.9206,0.0794,-2800,+1100,,NN-PRE-SURFACE_FIX,True,,,,,,,,,,,,,,,,
2026-03-17 02:55:26.770436,2026-03-17,ITF Men Wodonga,Hard,A,,Arjun Mehrotra,Tomislav Edward Papac,,,0.6639,0.3361,-255,+175,,NN-PRE-SURFACE_FIX,False,round_code=None,,,,,,,,,,,,,,,
2026-03-17 02:55:26.774906,2026-03-17,ITF Men Wodonga,Hard,A,,James McCabe,Matt Hulme,,,0.814,0.186,-700,+400,,NN-PRE-SURFACE_FIX,False,round_code=None,,,,,,,,,,,,,,,
2026-03-17 02:55:26.778576,2026-03-17,ITF Men Wodonga,Hard,A,,Oliver Clark Anderson,Nikolas Baker,,,0.7941,0.2059,-600,+350,,NN-PRE-SURFACE_FIX,True,,,,,,,,,,,,,,,,
2026-03-17 02:55:26.782241,2026-03-17,ITF Men Wodonga,Hard,A,,Ren Nakamura,Joshua Charlton,,,0.0779,0.9221,+1100,-7000,,NN-PRE-SURFACE_FIX,True,,,,,,,,,,,,,,,,
2026-03-17 02:55:26.786008,2026-03-17,ITF Men Wodonga,Hard,A,,Scott Jones,Lachlan McFadzean,,,0.6639,0.3361,-255,+175,,NN-PRE-SURFACE_FIX,True,,,,,,,,,,,,,,,,
2026-03-17 02:55:26.789729,2026-03-17,ITF Men Wodonga,Hard,A,,Ty Host,Colin Sinclair,,,0.2466,0.7534,+275,-440,,NN-PRE-SURFACE_FIX,True,,,,,,,,,,,,,,,,
2026-03-17 02:55:26.793405,2026-03-17,ITF Men Wodonga,Hard,A,,Yuichiro Inui,Pavle Marinkov,,,0.1698,0.8302,+450,-800,,NN-PRE-SURFACE_FIX,False,round_code=None,,,,,,,,,,,,,,,
2026-03-17 02:55:26.972481,2026-03-17,ITF Men Nishi-Tokyo,Hard,A,,Sora Fukuda,Yuta Dokai,,,0.9066,0.0934,-3300,+900,,NN-PRE-SURFACE_FIX,True,,,,,,,,,,,,,,,,
2026-03-17 02:55:26.975956,2026-03-17,ITF Men Mumbai,Hard,25,,Aditya Vishal Balsekar,Karan Singh,,,0.2188,0.7812,+325,-525,,NN-PRE-SURFACE_FIX,True,,,,,,,,,,,,,,,,
2026-03-17 02:55:26.979143,2026-03-17,ITF Men Mumbai,Hard,25,,Alexandr Binda,Abhinav Shanmugam,,,0.7359,0.2641,-390,+250,,NN-PRE-SURFACE_FIX,True,,,,,,,,,,,,,,,,
2026-03-17 02:55:26.982330,2026-03-17,ITF Men Mumbai,Hard,25,,Bekkhan Atlangeriev,Udit Kamboj,,,0.7864,0.2136,-550,+335,,NN-PRE-SURFACE_FIX,True,,,,,,,,,,,,,,,,
2026-03-17 02:55:26.985603,2026-03-17,ITF Men Mumbai,Hard,25,,Chirag Duhan,Manish Sureshkumar,,,0.2803,0.7197,+230,-350,,NN-PRE-SURFACE_FIX,True,,,,,,,,,,,,,,,,
2026-03-17 02:55:26.988915,2026-03-17,ITF Men Mumbai,Hard,25,,Dev Javia,Dominik Palan,,,0.3616,0.6384,+155,-225,,NN-PRE-SURFACE_FIX,True,,,,,,,,,,,,,,,,
2026-03-17 02:55:26.992256,2026-03-17,ITF Men Mumbai,Hard,25,,Digvijay Pratap Singh,Leo Borg,,,0.3556,0.6444,+160,-230,,NN-PRE-SURFACE_FIX,True,,,,,,,,,,,,,,,,
2026-03-17 02:55:26.995622,2026-03-17,ITF Men Mumbai,Hard,25,,Florent Bax,Aniketh Venkataraman,,,0.9564,0.0436,-100000,+2100,,NN-PRE-SURFACE_FIX,True,,,,,,,,,,,,,,,,
2026-03-17 02:55:26.998863,2026-03-17,ITF Men Mumbai,Hard,25,,Philip Sekulic,Arjun Rathi,,,0.9151,0.0849,-5000,+1000,,NN-PRE-SURFACE_FIX,True,,,,,,,,,,,,,,,,
2026-03-17 02:55:27.002063,2026-03-17,ITF Men Mumbai,Hard,25,,Timofei Derepasko,Tarun Karra,,,0.9066,0.0934,-3300,+900,,NN-PRE-SURFACE_FIX,True,,,,,,,,,,,,,,,,
2026-03-17 02:55:27.005373,2026-03-17,ITF Men Monastir,Hard,15,,Carles Hernandez,Nicolas Ifi,,,0.5913,0.4087,-180,+125,,NN-PRE-SURFACE_FIX,True,,,,,,,,,,,,,,,,
2026-03-17 02:55:27.008666,2026-03-17,ITF Men Monastir,Hard,15,,Filip Jeff Planinsek,Kasra Rahmani,,,0.5696,0.4304,-160,+115,,NN-PRE-SURFACE_FIX,True,,,,,,,,,,,,,,,,
2026-03-17 02:55:27.012310,2026-03-17,ITF Men Monastir,Hard,15,,Finn Murgett,Oskar Brostrom Poulsen,,,0.481,0.519,-110,-130,,NN-PRE-SURFACE_FIX,True,,,,,,,,,,,,,,,,
2026-03-17 02:55:27.016214,2026-03-17,ITF Men Monastir,Hard,15,,John Echeverria,Ali Habib,,,0.8901,0.1099,-2000,+750,,NN-PRE-SURFACE_FIX,False,round_code=None,,,,,,,,,,,,,,,
2026-03-17 02:55:27.019561,2026-03-17,ITF Men Monastir,Hard,15,,Martin van der Meerschen,Luca Wiedenmann,,,0.2466,0.7534,+275,-440,,NN-PRE-SURFACE_FIX,True,,,,,,,,,,,,,,,,
2026-03-17 02:55:27.023891,2026-03-17,ITF Men Monastir,Hard,15,,Nikola Slavic,Rocco Piatti,,,0.7017,0.2983,-315,+210,,NN-PRE-SURFACE_FIX,True,,,,,,,,,,,,,,,,
2026-03-17 02:55:26.495425,2026-03-17,Miami,Hard,M,,Ignacio Buse,Chak Lam Coleman Wong,,,0.4255,0.5745,+125,-150.0,,NN-PRE-SURFACE_FIX,True,,1.0,6-2 3-6 6-3,2026-03-17T19:00:47.332448,,0.0,,,,,,,,,,
2026-03-17 02:55:26.502578,2026-03-17,Miami,Hard,M,Q2,Alexander Blockx,Christopher O'Connell,0.1504,0.8496,0.6524,0.3476,-215,175.0,-0.502,NN-PRE-SURFACE_FIX,True,,2.0,"4-6, 6-4, 6-4",2026-03-17T13:39:33.723910,1.0,0.0,,,,,,,,,,
2026-03-17 02:55:26.506058,2026-03-17,Miami,Hard,M,Q2,Liam Draxl,Jay Clarke,0.3104,0.6896,0.5745,0.4255,-150,125.0,-0.2641,NN-PRE-SURFACE_FIX,True,,1.0,"6-3, 3-6, 6-4",2026-03-17T15:47:42.252589,0.0,1.0,,,,,,,,,,
2026-03-17 02:55:26.509660,2026-03-17,Miami,Hard,M,Q2,Nikoloz Basilashvili,Sho Shimabukuro,0.6185,0.3815,0.4255,0.5745,+125,-150.0,0.193,NN-PRE-SURFACE_FIX,True,,1.0,"6-2, 6-1",2026-03-17T13:39:33.723277,1.0,0.0,,,,,,,,,,
2026-03-17 02:55:26.519465,2026-03-17,Miami,Hard,M,Q2,Adam Walton,Rinky Hijikata,0.3638,0.6362,0.4782,0.5218,EVEN,-120.0,-0.1144,NN-PRE-SURFACE_FIX,True,,1.0,6-3 6-7(2) 6-1,2026-03-17T19:01:20.618258,0.0,0.0,,,,,,,,,,
2026-03-17 02:55:26.522537,2026-03-17,Miami,Hard,M,Q2,Mattia Bellucci,Murphy Cassone,0.7095,0.2905,0.6636,0.3364,-225,185.0,0.0459,NN-PRE-SURFACE_FIX,True,,1.0,3-6 7-6(5) 6-3,2026-03-17T19:01:23.889952,1.0,1.0,,,,,,,,,,
2026-03-17 02:55:26.525597,2026-03-17,Miami,Hard,M,Q2,Rafael Jodar,Benjamin Bonzi,,,0.6017,0.3983,-170,140.0,,NN-PRE-SURFACE_FIX,True,,1.0,6-4 6-4,2026-03-17T19:01:27.127688,,1.0,,,,,,,,,,
2026-03-17 02:55:26.529252,2026-03-17,Miami,Hard,M,Q2,Thiago Agustin Tirante,Martin Landaluce,0.5196,0.4804,0.406,0.594,+135,-165.0,0.1136,NN-PRE-SURFACE_FIX,True,,2.0,3-6 7-5 6-4,2026-03-17T19:02:00.441859,0.0,1.0,,,,,,,,,,
2026-03-17 02:55:26.541460,2026-03-18,Miami,Hard,M,R128,Darwin Blanch,Jan-Lennard Struff,0.0011,0.9989,0.3615,0.6385,+165,-200.0,-0.3604,NN-PRE-SURFACE_FIX,True,,1.0,6-3 3-6 6-3,2026-03-21T16:27:06.977629,0.0,0.0,,,,,,,,,,
2026-03-17 02:55:26.544908,2026-03-18,Miami,Hard,M,R128,Denis Shapovalov,Botic van de Zandschulp,0.5948,0.4052,0.6581,0.3419,-220,180.0,-0.0633,NN-PRE-SURFACE_FIX,True,,2.0,7-5 6-3,2026-03-21T16:27:40.399544,0.0,0.0,,,,,,,,,,
2026-03-17 02:55:26.548152,2026-03-18,Miami,Hard,M,R128,Emilio Nava,Tomas Machac,0.3098,0.6902,0.3476,0.6524,+175,-215.0,-0.0378,NN-PRE-SURFACE_FIX,True,,2.0,2-6 6-4 6-1,2026-03-21T16:27:43.664155,1.0,1.0,,,,,,,,,,
2026-03-17 02:55:26.566937,2026-03-18,Miami,Hard,M,R128,James Duckworth,Roberto Bautista-Agut,0.2402,0.7598,0.3678,0.6322,+160,-195.0,-0.1276,NN-PRE-SURFACE_FIX,True,,,,,,,,,,,,,,,,
2026-03-17 02:55:26.570373,2026-03-18,Miami,Hard,M,R128,Kamil Majchrzak,Miomir Kecmanovic,0.282,0.718,0.3983,0.6017,+140,-170.0,-0.1163,NN-PRE-SURFACE_FIX,True,,1.0,4-6 6-3 6-1,2026-03-21T16:28:19.966933,0.0,0.0,,,,,,,,,,
2026-03-17 02:55:26.573607,2026-03-18,Miami,Hard,M,R128,Marin Cilic,Alexei Popyrin,0.74,0.26,0.583,0.417,-155,130.0,0.157,NN-PRE-SURFACE_FIX,True,,1.0,6-4 6-4,2026-03-21T16:28:23.365443,1.0,1.0,,,,,,,,,,
2026-03-17 02:55:26.577128,2026-03-18,Miami,Hard,M,R128,Martin Damm Jr,Jacob Fearnley,,,0.4675,0.5325,+105,-125.0,,NN-PRE-SURFACE_FIX,True,,1.0,6-0 0-0 RET,2026-03-22T02:51:47.343228,,0.0,,,,,,,,,,
2026-03-17 02:55:26.580972,2026-03-18,Miami,Hard,M,R128,Matteo Arnaldi,Alexander Shevchenko,0.392,0.608,0.4892,0.5108,-105,-115.0,-0.0972,NN-PRE-SURFACE_FIX,True,,2.0,7-6(5) 6-7(5) 6-2,2026-03-21T16:28:29.693682,1.0,1.0,,,,,,,,,,
2026-03-17 02:55:26.585895,2026-03-18,Miami,Hard,M,R128,Raphael Collignon,Grigor Dimitrov,0.0033,0.9967,0.3835,0.6165,+150,-180.0,-0.3802,NN-PRE-SURFACE_FIX,True,,1.0,7-6(3) 4-6 7-6(6),2026-03-21T16:28:32.931173,0.0,0.0,,,,,,,,,,
2026-03-17 02:55:26.593686,2026-03-18,Miami,Hard,M,R128,Terence Atmane,Daniel Altmaier,0.4909,0.5091,0.6581,0.3419,-220,180.0,-0.1672,NN-PRE-SURFACE_FIX,True,,1.0,6-4 6-2,2026-03-21T16:28:36.179965,0.0,1.0,,,,,,,,,,
2026-03-17 02:55:26.600626,2026-03-18,Miami,Hard,M,R128,Zhizhen Zhang,Adrian Mannarino,0.0015,0.9985,0.5427,0.4573,-130,110.0,-0.5412,NN-PRE-SURFACE_FIX,True,,2.0,6-3 6-2,2026-03-21T16:28:39.459581,1.0,0.0,,,,,,,,,,
2026-03-17 02:55:26.698552,2026-03-17,ITF M15 Rovinj,Clay,15,,Alexander Vasilev,Matyas Fuele,,,0.6305,0.3695,-215,150.0,,NN-PRE-SURFACE_FIX,True,,,,,,,,,,,,,,,,
2026-03-17 02:55:26.702084,2026-03-17,ITF M15 Rovinj,Clay,15,,Jeremy Gschwendtner,Marko Miladinovic,,,0.4087,0.5913,+125,-180.0,,NN-PRE-SURFACE_FIX,True,,,,,,,,,,,,,,,,
2026-03-17 02:55:26.706085,2026-03-17,ITF M15 Rovinj,Clay,15,,Antonio Voljavec,Drazen Petrovic,,,0.5384,0.4616,-140,EVEN,,NN-PRE-SURFACE_FIX,True,,,,,,,,,,,,,,,,
2026-03-17 02:55:26.709327,2026-03-17,ITF M15 Rovinj,Clay,15,,Simone Massellani,Tiago Cacao,,,0.1776,0.8224,+425,-750,,NN-PRE-SURFACE_FIX,True,,,,,,,,,,,,,,,,
2026-03-17 02:55:26.712450,2026-03-17,ITF M15 Rovinj,Clay,15,,Gabriele Bosio,Viacheslav Bielinskyi,,,0.2466,0.7534,+275,-440,,NN-PRE-SURFACE_FIX,True,,,,,,,,,,,,,,,,
2026-03-17 02:55:26.715775,2026-03-17,ITF M15 Rovinj,Clay,15,,Tymur Bieldiugin,Kirill Kivattsev,,,0.2466,0.7534,+275,-440,,NN-PRE-SURFACE_FIX,True,,,,,,,,,,,,,,,,
2026-03-17 02:55:26.719060,2026-03-17,ITF M25 Badalona,Clay,25,,Oriol Roca Batalla,Alex Marti Pujolras,,,0.6703,0.3297,-265,+180,,NN-PRE-SURFACE_FIX,False,round_code=None,,,,,,,,,,,,,,,
2026-03-17 02:55:26.722217,2026-03-17,ITF M25 Badalona,Clay,25,,Yaroslav Demin,Maks Kasnikowski,,,0.2059,0.7941,+350,-600,,NN-PRE-SURFACE_FIX,False,round_code=None,,,,,,,,,,,,,,,
2026-03-17 02:55:26.725403,2026-03-17,ITF M25 Badalona,Clay,25,,Jacopo Vasami,Alex Martinez,,,0.6639,0.3361,-255,+175,,NN-PRE-SURFACE_FIX,True,,,,,,,,,,,,,,,,
2026-03-17 02:55:26.728569,2026-03-17,ITF M25 Badalona,Clay,25,,Sergi Fita Juan,Tomas Curras Abasolo,,,0.2641,0.7359,+250,-390,,NN-PRE-SURFACE_FIX,True,,,,,,,,,,,,,,,,
2026-03-17 02:55:26.731844,2026-03-17,ITF M25 Badalona,Clay,25,,Carles Cordoba,Carlos Giraldi,,,0.9066,0.0934,-3300,+900,,NN-PRE-SURFACE_FIX,True,,,,,,,,,,,,,,,,
2026-03-17 02:55:26.735121,2026-03-17,ITF M25 Badalona,Clay,25,,Ignacio Parisca,Oscar Jose Gutierrez,,,0.6063,0.3937,-190,+135,,NN-PRE-SURFACE_FIX,True,,,,,,,,,,,,,,,,
2026-03-17 02:55:26.738301,2026-03-17,ITF M25 Badalona,Clay,25,,Michiel de Krom,Robert Watzka,,,0.9409,0.0591,-20000,+1500,,NN-PRE-SURFACE_FIX,True,,,,,,,,,,,,,,,,
2026-03-17 02:55:26.741819,2026-03-17,ITF M25 Badalona,Clay,25,,Oleg Prihodko,Eric Vanshelboim,,,0.7812,0.2188,-525,+325,,NN-PRE-SURFACE_FIX,False,round_code=None,,,,,,,,,,,,,,,
2026-03-17 02:55:26.745169,2026-03-17,ITF M25 Badalona,Clay,25,,Reda Bennani,Pavel Lagutin,,,0.6967,0.3033,-305,+205,,NN-PRE-SURFACE_FIX,True,,,,,,,,,,,,,,,,
2026-03-17 02:55:26.748688,2026-03-17,ITF M25 Punta del Este,Clay,25,,Ezequiel Monferrer,Ryan Fishback,,,0.5,0.5,-120,-120,,NN-PRE-SURFACE_FIX,True,,,,,,,,,,,,,,,,
2026-03-17 02:55:26.752538,2026-03-17,ITF M25 Punta del Este,Clay,25,,Joao Vitor Scramin do Lago,Fernando Cavallo,,,0.2136,0.7864,+335,-550,,NN-PRE-SURFACE_FIX,True,,,,,,,,,,,,,,,,
2026-03-17 02:55:26.756706,2026-03-17,ITF M25 Punta del Este,Clay,25,,Mateo Del Pino,Bautista de la Pena,,,0.7534,0.2466,-440,+275,,NN-PRE-SURFACE_FIX,True,,,,,,,,,,,,,,,,
2026-03-17 02:55:26.761956,2026-03-17,ITF M25 Punta del Este,Clay,25,,Nicolas Zanellato,Juan Bautista Otegui,,,0.6221,0.3779,-205,+145,,NN-PRE-SURFACE_FIX,False,round_code=None,,,,,,,,,,,,,,,
2026-03-17 02:55:26.766384,2026-03-17,ITF M25 Punta del Este,Clay,25,,Lucio Ratti,Nicolas Bruna,,,0.8759,0.1241,-1600,+650,,NN-PRE-SURFACE_FIX,False,round_code=None,1.0,6-3 6-2,2026-03-22T02:54:47.923509,,1.0,,,,,,,,,,
2026-03-17 02:55:26.830488,2026-03-17,Murcia,Clay,C,,Felix Gill,Filip Pieczonka,,,0.8028,0.1972,-600,+375,,NN-PRE-SURFACE_FIX,True,,1.0,6-3 3-6 7-6(5),2026-03-17T19:06:37.049122,,1.0,,,,,,,,,,
2026-03-17 02:55:26.870882,2026-03-17,Zadar,Clay,C,,Samuele Pieri,Daniel Michalski,,,0.3294,0.6706,+185,-250,,NN-PRE-SURFACE_FIX,True,,2.0,6-3 6-0,2026-03-17T19:07:10.368181,,1.0,,,,,,,,,,
2026-03-17 02:55:26.877954,2026-03-17,Morelos,Hard,C,,Aryan Shah,Rodrigo Alujas,,,0.8028,0.1972,-600,+375,,NN-PRE-SURFACE_FIX,True,,1.0,6-2 1-6 6-3,2026-03-17T19:07:13.794541,,1.0,,,,,,,,,,
2026-03-17 02:55:26.927455,2026-03-17,ITF M15 Foggia,Hard,15,,Lorenzo Bocchi,Tom Zeuch,,,0.5808,0.4192,-170,+120,,NN-PRE-SURFACE_FIX,True,,,,,,,,,,,,,,,,
2026-03-17 02:55:26.931109,2026-03-17,ITF M15 Foggia,Hard,15,,Niccolo Ciavarella,Pietro Marino,,,0.4713,0.5287,-105,-135,,NN-PRE-SURFACE_FIX,False,round_code=None,,,,,,,,,,,,,,,
2026-03-17 02:55:26.934530,2026-03-17,ITF M15 Foggia,Hard,15,,Peter Buldorini,Andrey Chepelev,,,0.1954,0.8046,+375,-650,,NN-PRE-SURFACE_FIX,False,round_code=None,,,,,,,,,,,,,,,
2026-03-17 02:55:26.937870,2026-03-17,ITF M15 Foggia,Hard,15,,Carlo Alberto Caniato,Nikita Mashtakov,,,0.8224,0.1776,-750,+425,,NN-PRE-SURFACE_FIX,True,,,,,,,,,,,,,,,,
2026-03-17 02:55:26.941234,2026-03-17,ITF M15 Foggia,Hard,15,,Daniel Bagnolini,Iannis Miletich,,,0.2761,0.7239,+235,-360,,NN-PRE-SURFACE_FIX,True,,,,,,,,,,,,,,,,
2026-03-17 02:55:26.944517,2026-03-17,ITF M15 Foggia,Hard,15,,Lorenzo Rottoli,Maximilian Figl,,,0.6444,0.3556,-230,+160,,NN-PRE-SURFACE_FIX,True,,,,,,,,,,,,,,,,
2026-03-17 16:13:06.327356,2026-03-16,Miami,Hard,M,Q2,Zachary Svajda,Daniel Merida Aguilar,0.7698,0.2302,,,,,,NN-PRE-SURFACE_FIX,True,,1.0,6-0 6-7(2) 6-2,2026-03-17T19:08:05.124096,1.0,0.0,,,,,,,,,,
2026-03-17 16:13:14.404643,2026-03-16,Miami,Hard,M,Q2,Aleksandar Vukic,Marcelo Tomas Barrios Vera,0.7568,0.2432,,,,,,NN-PRE-SURFACE_FIX,True,,2.0,6-3 7-6(5),2026-03-17T19:08:08.430004,0.0,0.0,,,,,,,,,,
2026-03-21 04:10:45.674845,2026-03-20,Miami,Hard,M,R64,Alejandro Davidovich Fokina,Quentin Halys,0.7652,0.2348,0.7012,0.2988,-275,+220,0.064,NN-SURFACE_FIX,True,,2.0,7-6(8) 6-4,2026-03-22T02:56:09.435699,0.0,0.0,,,,,,,,,,
2026-03-21 04:10:45.678972,2026-03-21,Miami,Hard,M,,Aleksandar Vukic,Rafael Jodar,,,0.2136,0.7864,+350,-450,,NN-SURFACE_FIX,True,,2.0,6-1 6-2,2026-03-22T02:56:12.763452,,1.0,,,,,,,,,,
2026-03-21 04:10:45.682455,2026-03-20,Miami,Hard,M,R64,Kamil Majchrzak,Learner Tien,0.3005,0.6995,0.2742,0.7258,+250,-310,0.0262,NN-SURFACE_FIX,True,,1.0,6-2 4-6 6-2,2026-03-22T02:56:16.128563,0.0,0.0,,,,,,,,,,
2026-03-21 04:10:45.686929,2026-03-20,Miami,Hard,M,R64,Zizou Bergs,Tomas Martin Etcheverry,0.6764,0.3236,0.5564,0.4436,-140,+115,0.12,NN-SURFACE_FIX,True,,2.0,7-6(5) 7-6(3),2026-03-22T02:56:19.483216,0.0,0.0,,,,,,,,,,
2026-03-21 04:10:45.690851,2026-03-20,Miami,Hard,M,R64,Corentin Moutet,Tomas Machac,0.6008,0.3992,0.406,0.594,+135,-165,0.1948,NN-SURFACE_FIX,True,,1.0,6-0 1-6 6-4,2026-03-22T02:56:22.831378,1.0,0.0,,,,,,,,,,
2026-03-21 04:10:45.694972,2026-03-20,Miami,Hard,M,R64,Felix Auger-Aliassime,Marton Fucsovics,0.9022,0.0978,0.6913,0.3087,-260,+210,0.2109,NN-SURFACE_FIX,True,,1.0,7-6(3) 7-5,2026-03-22T02:56:26.223408,1.0,1.0,,,,,,,,,,
2026-03-21 04:10:45.699057,2026-03-20,Miami,Hard,M,R64,Terence Atmane,Arthur Rinderknech,0.4312,0.5688,0.4255,0.5745,+125,-150,0.0056,NN-SURFACE_FIX,True,,1.0,7-6(4) 6-3,2026-03-22T02:56:29.624113,0.0,0.0,,,,,,,,,,
2026-03-21 04:10:45.702901,2026-03-20,Miami,Hard,M,R64,Damir Dzumhur,Jannik Sinner,0.0525,0.9475,0.0386,0.9614,+2400,-20000,0.0139,NN-SURFACE_FIX,True,,2.0,6-3 6-3,2026-03-22T02:56:33.016334,1.0,1.0,,,,,,,,,,
2026-03-21 04:10:45.707197,2026-03-20,Miami,Hard,M,R64,Alex Michelsen,Cameron Norrie,0.5176,0.4824,0.583,0.417,-155,+130,-0.0654,NN-SURFACE_FIX,True,,1.0,7-5 6-7(4) 6-4,2026-03-22T02:56:36.311750,1.0,1.0,,,,,,,,,,
2026-03-21 04:10:45.718963,2026-03-20,Miami,Hard,M,R64,Andrey Rublev,Alejandro Tabilo,0.7701,0.2299,0.6524,0.3476,-215,+175,0.1177,NN-SURFACE_FIX,True,,2.0,6-7(5) 6-2 6-4,2026-03-22T02:56:39.680232,0.0,0.0,,,,,,,,,,
2026-03-21 04:10:45.726746,2026-03-20,Miami,Hard,M,R64,Rei Sakamoto,Daniil Medvedev,0.219,0.781,0.0955,0.9045,+900,-1800,0.1235,NN-SURFACE_FIX,True,,2.0,6-7(10) 6-3 6-1,2026-03-22T02:56:42.909424,1.0,1.0,,,,,,,,,,
2026-03-21 04:10:45.731057,2026-03-20,Miami,Hard,M,R64,Adam Walton,Jakub Mensik,0.3339,0.6661,0.2742,0.7258,+250,-310,0.0597,NN-SURFACE_FIX,True,,2.0,3-6 6-2 6-4,2026-03-22T02:56:46.177176,1.0,1.0,,,,,,,,,,
2026-03-21 04:10:45.735288,2026-03-20,Miami,Hard,M,R64,Francisco Cerundolo,Thiago Agustin Tirante,0.7138,0.2862,0.7548,0.2452,-375,+290,-0.0411,NN-SURFACE_FIX,True,,1.0,6-4 6-2,2026-03-22T02:56:49.561249,1.0,1.0,,,,,,,,,,
2026-03-21 04:10:45.739011,2026-03-20,Miami,Hard,M,R64,Gabriel Diallo,Ugo Humbert,0.5895,0.4105,0.4573,0.5427,+110,-130,0.1322,NN-SURFACE_FIX,True,,2.0,6-1 6-4,2026-03-22T02:56:52.936984,0.0,1.0,,,,,,,,,,
2026-03-21 04:10:45.742545,2026-03-20,Miami,Hard,M,R64,Brandon Nakashima,Marin Cilic,0.7022,0.2978,0.6092,0.3908,-175,+145,0.093,NN-SURFACE_FIX,True,,2.0,2-6 6-4 7-6(7),2026-03-22T02:56:56.248222,0.0,0.0,,,,,,,,,,
2026-03-21 04:10:45.746891,2026-03-20,Miami,Hard,M,R64,Frances Tiafoe,Arthur Cazaux,0.7354,0.2646,0.6322,0.3678,-195,+160,0.1032,NN-SURFACE_FIX,True,,1.0,7-6(1) 6-1,2026-03-22T02:56:59.576974,1.0,1.0,,,,,,,,,,
2026-03-21 04:10:45.750836,2026-03-20,Miami,Hard,M,R64,Ben Shelton,Alexander Shevchenko,0.8133,0.1867,0.8533,0.1467,-850,+550,-0.04,NN-SURFACE_FIX,True,,2.0,6-7(3) 7-6(3) 6-3,2026-03-22T02:57:02.908686,0.0,0.0,,,,,,,,,,
2026-03-21 04:10:45.754977,2026-03-21,Miami,Hard,M,,Martin Damm Jr,Alexander Zverev,,,0.1193,0.8807,+700,-1200,,NN-SURFACE_FIX,True,,2.0,6-2 6-4,2026-03-22T02:57:06.330545,,1.0,,,,,,,,,,
2026-03-22T01:16:23.486366,2026-03-22,Miami,Hard,M,R32,Arthur Fils,Stefanos Tsitsipas,0.6384,0.3616,0.6581,0.3419,-220,+180,0.0444,NN-SURFACE_FIX,True,,1.0,6-0 6-1,2026-03-22T23:02:45.662385,1.0,1.0,,,,,,,,,,
2026-03-22T01:16:23.481186,2026-03-22,Miami,Hard,M,R32,Matteo Berrettini,Valentin Vacherot,0.4913,0.5087,0.5745,0.4255,-150,+125,-0.065,NN-SURFACE_FIX,True,,2.0,7-6(5) 6-4,2026-03-22T23:02:48.980418,1.0,0.0,,,,,,,,,,
2026-03-22T01:16:23.467617,2026-03-22,Miami,Hard,M,R32,Tommy Paul,Raphael Collignon,0.6637,0.3363,0.6465,0.3535,-210,+170,-0.0275,NN-SURFACE_FIX,True,,1.0,6-2 3-6 7-6(5),2026-03-22T23:02:52.297219,1.0,1.0,,,,,,,,,,
2026-03-22T01:16:23.471409,2026-03-22,Miami,Hard,M,R32,Carlos Alcaraz,Sebastian Korda,0.9899,0.0101,0.8533,0.1467,-850,+550,0.1366,NN-SURFACE_FIX,True,,2.0,3-6 7-5 4-6,2026-03-22T14:35:18.090592,0.0,0.0,,,,,,,,,,
2026-03-22T01:16:23.456224,2026-03-22,Miami,Hard,M,R32,Ethan Quinn,Jiri Lehecka,0.4944,0.5056,0.4436,0.5564,+115,-140,0.06,NN-SURFACE_FIX,True,,2.0,3-6 6-7(6),2026-03-22T14:35:18.090592,1.0,1.0,,,,,,,,,,
2026-03-22T01:16:23.476255,2026-03-22,Miami,Hard,M,R32,Martin Landaluce,Karen Khachanov,0.3873,0.6127,0.3476,0.6524,+175,-215,0.0691,NN-SURFACE_FIX,True,,1.0,6-3 7-6(2),2026-03-22T23:02:55.652775,0.0,0.0,,,,,,,,,,
2026-03-22T01:16:23.463829,2026-03-22,Miami,Hard,M,R32,Reilly Opelka,Taylor Fritz,0.2749,0.7251,0.2817,0.7183,+240,-300,-0.0433,NN-SURFACE_FIX,True,,2.0,3-6 4-6,2026-03-22T14:35:18.090592,1.0,1.0,,,,,,,,,,
2026-03-21 04:10:45.794566,2026-03-22,Murcia,Clay,C,SF,Pablo Carreno-Busta,Kimmer Coppejans,0.6926,0.3074,0.7162,0.2838,-325,+230,-0.0236,NN-SURFACE_FIX,True,,1.0,6-2 6-3,2026-03-22T02:58:00.887075,1.0,1.0,,,,,,,,,,
2026-03-21 04:10:45.798729,2026-03-21,Zadar,Clay,C,SF,Arthur Gea,Kyrian Jacquet,0.5643,0.4357,0.4279,0.5721,+120,-155,0.1365,NN-SURFACE_FIX,True,,1.0,unknown,2026-03-22T01:47:41.112242,1.0,0.0,,,,,,,,,,
2026-03-21 04:10:45.802481,2026-03-21,Asuncion,Clay,C,,Gianluca Cadenasso,Lautaro Midon,,,0.5915,0.4085,-170,+130,,NN-SURFACE_FIX,True,,1.0,4-6 6-1 6-0,2026-03-22T02:58:04.226682,,1.0,,,,,,,,,,
2026-03-21 04:10:45.806637,2026-03-22,Asuncion,Clay,C,SF,Franco Roncadelli,Juan Pablo Varillas,0.5447,0.4553,0.3485,0.6515,+170,-225,0.1961,NN-SURFACE_FIX,True,,1.0,4-6 6-2 6-2,2026-03-22T02:58:07.494204,1.0,0.0,,,,,,,,,,
2026-03-21 04:10:45.811669,2026-03-22,Morelos,Hard,C,SF,Taro Daniel,Andres Martin,0.5589,0.4411,0.5915,0.4085,-170,+130,-0.0326,NN-SURFACE_FIX,True,,1.0,6-7(2) 6-3 6-4,2026-03-22T02:58:40.898834,1.0,1.0,,,,,,,,,,
2026-03-21 04:10:45.816441,2026-03-22,Morelos,Hard,C,SF,Michael Mmoh,Tyler Zink,0.699,0.301,0.7434,0.2566,-385,+265,-0.0444,NN-SURFACE_FIX,True,,1.0,1-6 7-6(4) 6-2,2026-03-22T02:58:44.227790,1.0,1.0,,,,,,,,,,
2026-03-21 04:10:45.820727,2026-03-21,ITF Men Foggia,Hard,A,,Carlo Alberto Caniato,Hynek Barton,,,0.4088,0.5912,+125,-180,,NN-SURFACE_FIX,True,,,,,,,,,,,,,,,,
2026-03-21 04:10:45.824537,2026-03-21,ITF Men Toulouse,Hard,15,,Raphael Perot,Gauthier Onclin,,,0.3361,0.6639,+175,-255,,NN-SURFACE_FIX,True,,,,,,,,,,,,,,,,
2026-03-21 04:10:45.828324,2026-03-21,ITF Men Bakersfield,Carpet,A,,Gianluca Brunkow,Michael Antonius,,,0.6516,0.3484,-240,+165,,NN-SURFACE_FIX,True,,,,,,,,,,,,,,,,
2026-03-22T01:16:23.460057,2026-03-22,Miami,Hard,M,R32,Rafael Jodar,Tomas Martin Etcheverry,0.6545,0.3455,0.5564,0.4436,-140,+115,0.0982,NN-SURFACE_FIX,True,,2.0,5-7 4-6,2026-03-22T14:35:18.090592,0.0,0.0,,,,,,,,,,
2026-03-23T05:32:46.817844,2026-03-23,Miami,Hard,A,R32,Marin Cilic,Alexander Zverev,0.2419,0.7581,0.1364,0.8636,+600,-950,0.0601,v1.2.0,True,,2.0,6-2 5-7 6-4,2026-03-24T12:26:59.293908,1.0,1.0,,,,,,,,,,
2026-03-23T05:32:46.813497,2026-03-23,Miami,Hard,A,R32,Alejandro Tabilo,Alex Michelsen,0.4259,0.5741,0.3614,0.6386,+165,-200,0.0276,v1.2.0,True,,2.0,3-6 6-3 6-4,2026-03-24T12:27:02.687830,1.0,1.0,,,,,,,,,,
2026-03-23T05:32:46.789729,2026-03-23,Miami,Hard,A,R32,Alexander Shevchenko,Ugo Humbert,0.3656,0.6344,0.2817,0.7183,+240,-300,0.1275,v1.2.0,True,,2.0,6-4 7-6(2),2026-03-24T12:27:06.010142,1.0,1.0,,,,,,,,,,
2026-03-23T05:32:46.826229,2026-03-23,Miami,Hard,A,R32,Corentin Moutet,Jannik Sinner,0.1363,0.8637,0.0531,0.9469,+1700,-10000,0.0945,v1.2.0,True,,2.0,6-1 6-4,2026-03-24T12:27:09.339396,1.0,1.0,,,,,,,,,,
2026-03-23T05:32:46.802999,2026-03-23,Miami,Hard,A,R32,Felix Auger-Aliassime,Terence Atmane,0.7619,0.2381,0.7335,0.2665,-325,+260,0.0284,v1.2.0,True,,2.0,6-3 1-6 6-3,2026-03-24T12:27:12.702021,0.0,0.0,,,,,,,,,,
2026-03-23T05:32:46.808303,2026-03-23,Miami,Hard,A,R32,Frances Tiafoe,Jakub Mensik,0.3977,0.6023,0.417,0.583,+130,-155,-0.0193,v1.2.0,True,,1.0,7-6(4) 4-6 7-6(11),2026-03-24T12:27:16.048267,0.0,0.0,,,,,,,,,,
2026-03-23T05:32:46.797511,2026-03-23,Miami,Hard,A,R32,Francisco Cerundolo,Daniil Medvedev,0.2831,0.7169,0.2381,0.7619,+300,-400,0.0278,v1.2.0,True,,1.0,6-0 4-6 7-5,2026-03-24T12:27:19.363491,0.0,0.0,,,,,,,,,,
2026-03-23T05:32:46.822125,2026-03-23,Miami,Hard,A,R32,Quentin Halys,Kamil Majchrzak,0.4706,0.5294,0.4783,0.5217,EVEN,-120,0.0133,v1.2.0,True,,1.0,7-6(4) 6-1,2026-03-24T12:27:22.865069,0.0,0.0,,,,,,,,,,
2026-03-22T01:16:23.437770,2026-03-22,,Hard,G,,Carlos Alcaraz,The ‪Field,,,0.5,0.5,,,,,True,,,,,,,,,,,,,,,,
2026-03-22T01:16:23.443653,2026-03-22,Men's Singles,Hard,G,,Carlos Alcaraz,The Field,,,0.4436,0.5564,+115,-140,,,True,,,,,,,,,,,,,,,,
2026-03-22T01:16:23.452194,2026-03-22,French Open Men's Singles,Hard,G,,Jannik Sinner,The Field,,,0.3836,0.6164,+150,-180,,,True,,,,,,,,,,,,,,,,
2026-03-22T01:16:23.530595,2026-03-22,,Hard,C,,Ben Jones (MIN),Oleksii Krutykh,,,0.5,0.5,,,,,True,,,,,,,,,,,,,,,,
2026-03-22T01:16:23.534913,2026-03-22,Split,Hard,C,,Luka Eres,Gerard Campana Lee,,,0.0483,0.9517,+1900,-7000,,,True,,,,,,,,,,,,,,,,
2026-03-22T01:16:23.538921,2026-03-22,Naples,Clay,C,,Fabrizio Karol Pio Osti,Enrico Dalla Valle,,,0.0596,0.9404,+1500,-7000,,,True,,2.0,6-2 6-2,2026-03-22T23:05:16.981669,,1.0,,,,,,,,,,
2026-03-22T01:16:23.542859,2026-03-22,Naples,Clay,C,,Mariano Tammaro,Gianmarco Ferrari,,,0.234,0.766,+300,-450,,,True,,1.0,2-6 6-4 6-2,2026-03-22T23:05:50.277509,,0.0,,,,,,,,,,
2026-03-22T01:16:23.546760,2026-03-22,Naples,Clay,C,,Giovanni Ciocca,Federico Bondioli,,,0.0734,0.9266,+1200,-3300,,,True,,2.0,6-2 6-0,2026-03-22T23:05:53.478516,,1.0,,,,,,,,,,
2026-03-22T01:16:23.550598,2026-03-22,Naples,Clay,C,,Lorenzo Rottoli,Luca Potenza,,,0.5101,0.4899,-120,-110,,,True,,1.0,5-7 6-4 6-4,2026-03-22T23:05:56.779789,,1.0,,,,,,,,,,
2026-03-22T01:16:23.554530,2026-03-22,Morelia,Hard,C,,Facundo Mena,Alan Sau Franco,,,0.9136,0.0864,-2500,+1000,,,True,,1.0,6-2 6-4,2026-03-22T23:06:30.230532,,1.0,,,,,,,,,,
2026-03-22T01:16:23.558459,2026-03-22,Morelia,Hard,C,,Dan Martin,Alafia Ayeni,,,0.4592,0.5408,+105,-135,,,True,,2.0,2-6 6-3 7-6(4),2026-03-22T23:06:33.487513,,1.0,,,,,,,,,,
2026-03-22T01:16:23.562946,2026-03-22,Morelia,Hard,C,,Manuel Sanchez Montemayor,Maxwell McKennon,,,0.1348,0.8652,+600,-1100,,,True,,,,,,,,,,,,,,,,
2026-03-22T01:16:23.566912,2026-03-22,Murcia,Clay,C,F,Roberto Carballes Baena,Pablo Carreno-Busta,0.5165,0.4835,0.336,0.664,+180,-240,0.1805,NN-SURFACE_FIX,True,,2.0,4-6 3-6,2026-03-22T14:35:18.090592,0.0,1.0,,,,,,,,,,
2026-03-22T01:16:23.570801,2026-03-22,Zadar,Clay,C,F,Stefano Travaglia,Arthur Gea,0.7379,0.2621,0.5,0.5,-115,-115,0.2379,NN-SURFACE_FIX,True,,1.0,2-1 RET,2026-03-22T23:06:39.861877,1.0,0.0,,,,,,,,,,
2026-03-22T01:16:23.574664,2026-03-22,Sao Paulo,Clay,C,,Connor Huertas del Pino,Eric Martins,,,0.8889,0.1111,-1600,+750,,,True,,,,,,,,,,,,,,,,
2026-03-22T01:16:23.578573,2026-03-22,Sao Paulo,Clay,C,,Joao Eduardo Schiessl,Luka Bojicic Ono,,,0.9205,0.0795,-2800,+1100,,,True,,1.0,6-0 6-0,2026-03-22T23:06:46.083793,,1.0,,,,,,,,,,
2026-03-22T01:16:23.582464,2026-03-22,Sao Paulo,Clay,C,,Arklon Huertas del Pino Cordova,Ryan Augusto dos Santos,,,0.7798,0.2202,-500,+325,,,True,,,,,,,,,,,,,,,,
2026-03-22T01:16:23.586332,2026-03-22,Sao Paulo,Clay,C,,Jose Pereira,Henrique Ortenblad Nogueira,,,0.8819,0.1181,-1400,+700,,,True,,1.0,6-3 6-2,2026-03-22T23:06:52.375943,,1.0,,,,,,,,,,
2026-03-22T01:16:23.590237,2026-03-22,Sao Paulo,Clay,C,,Tomas Dummer Macedo,Rafael Tosetto,,,0.2202,0.7798,+325,-500,,,True,,2.0,6-2 6-1,2026-03-22T23:06:55.642883,,1.0,,,,,,,,,,
2026-03-22T01:16:23.594138,2026-03-22,Sao Paulo,Clay,C,,Pedro Henrique Chabalgoity,Johannes Ingildsen,,,0.2687,0.7313,+250,-350,,,True,,,,,,,,,,,,,,,,
2026-03-22T01:16:23.598038,2026-03-22,Sao Paulo,Clay,C,,Andre Souza Pinto de Camargo e Silva,Joao Vitor Goncalves Ceolin,,,0.1111,0.8889,+750,-1600,,,True,,,,,,,,,,,,,,,,
2026-03-22T01:16:23.602196,2026-03-22,ITF Men Bakersfield,Carpet,A,,Michael Antonius,Andrew Fenty,,,0.2894,0.7106,+220,-330,,,True,,,,,,,,,,,,,,,,
2026-03-24T12:50:09.070297,2026-03-24,Miami,Hard,A,R16,Tomas Martin Etcheverry,Tommy Paul,0.4109,0.5891,0.2665,0.7335,+260,-325,0.1292,v1.2.1,True,,2.0,6-1 6-3,2026-03-24T21:58:59.153332,1.0,1.0,,,,,,,,,,
2026-03-23T05:32:46.830875,2026-03-24,Miami,Hard,A,R16,Sebastian Korda,Martin Landaluce,0.7487,0.2513,0.7335,0.2665,-325,+260,-0.0132,v1.2.0,True,,2.0,2-6 7-6(6) 6-4,2026-03-24T12:29:02.323543,0.0,0.0,,,,,,,,,,
2026-03-23T05:32:46.834987,2026-03-24,Miami,Hard,A,R16,Jiri Lehecka,Taylor Fritz,0.4099,0.5901,0.3614,0.6386,+165,-200,0.0333,v1.2.0,True,,1.0,6-4 6-7(4) 6-2,2026-03-24T21:59:02.468145,0.0,0.0,,,,,,,,,,
2026-03-22T23:15:21.937768,2026-03-23,Naples,Clay,C,Q2,David Jorda Sanchis,Enrico Dalla Valle,0.4075,0.5925,0.4085,0.5915,+130,-170,-0.0009,NN-SURFACE_FIX,True,,2.0,6-3 6-3,2026-03-23T04:44:18.539075,1.0,1.0,,,,,,,,,,
2026-03-22T23:15:21.941797,2026-03-23,Naples,Clay,C,Q2,John Sperle,Jakub Paul,0.3936,0.6064,0.3544,0.6456,+165,-220,0.0392,NN-SURFACE_FIX,True,,2.0,5-7 7-6(2) 6-2,2026-03-24T12:29:08.710909,1.0,1.0,,,,,,,,,,
2026-03-22T23:15:21.945807,2026-03-22,Naples,Clay,C,,Michele Ribecai,Mariano Tammaro,,,0.8652,0.1348,-1100,+600,,,True,,1.0,6-0 6-1,2026-03-23T04:44:24.764096,,1.0,,,,,,,,,,
2026-03-22T23:15:21.949828,2026-03-23,Naples,Clay,C,Q2,Andrea Guerrieri,Federico Bondioli,0.4456,0.5544,0.5306,0.4694,-130,EVEN,-0.085,NN-SURFACE_FIX,True,,2.0,6-2 7-6(6),2026-03-24T12:29:12.068915,1.0,0.0,,,,,,,,,,
2026-03-22T23:15:21.953781,2026-03-23,Naples,Clay,C,Q2,Lorenzo Carboni,Francesco Forti,0.4015,0.5985,0.4797,0.5203,-105,-125,-0.0781,NN-SURFACE_FIX,True,,2.0,4-6 6-3 6-4,2026-03-24T12:29:15.323031,1.0,1.0,,,,,,,,,,
2026-03-22T23:15:21.957857,2026-03-22,Naples,Clay,C,,Hynek Barton,Lorenzo Rottoli,,,0.8212,0.1788,-700,+425,,,True,,1.0,6-1 6-3,2026-03-24T12:29:18.635749,,1.0,,,,,,,,,,
2026-03-22T23:15:21.962894,2026-03-23,Split,Hard,C,Q2,Dusan Obradovic,Ergi Kirkin,0.3301,0.6699,0.4459,0.5541,+110,-145,-0.1158,NN-SURFACE_FIX,True,,2.0,6-3 6-4,2026-03-23T04:45:07.047939,1.0,1.0,,,,,,,,,,
2026-03-22T23:15:21.968005,2026-03-23,Split,Hard,C,Q2,Eero Vasa,Oleksii Krutykh,0.4221,0.5779,0.4165,0.5835,+125,-165,0.0056,NN-SURFACE_FIX,True,,2.0,6-3 6-2,2026-03-23T04:45:40.310034,1.0,1.0,,,,,,,,,,
2026-03-22T23:15:21.973189,2026-03-23,Split,Hard,C,Q2,Filippo Romano,Giuseppe La Vela,0.7178,0.2822,0.7108,0.2892,-310,+225,0.0071,NN-SURFACE_FIX,True,,1.0,3-6 6-3 7-6(6),2026-03-24T12:29:21.891950,1.0,1.0,,,,,,,,,,
2026-03-22T23:15:21.978313,2026-03-23,Split,Hard,C,Q2,Mirza Basic,Juan Cruz Martin Manzano,0.6928,0.3072,0.5408,0.4592,-135,+105,0.1521,NN-SURFACE_FIX,True,,2.0,4-6 6-1 6-0,2026-03-24T12:29:25.367336,0.0,0.0,,,,,,,,,,
2026-03-22T23:15:21.983458,2026-03-23,Alicante,Hard,C,Q2,Abedallah Shelbayh,Svyatoslav Gulin,0.7395,0.2605,0.5,0.5,-115,-115,0.2395,NN-SURFACE_FIX,True,,2.0,6-7(3) 7-6(3) 6-1,2026-03-24T12:29:28.640383,0.0,0.0,,,,,,,,,,
2026-03-22T23:15:21.988606,2026-03-23,Alicante,Hard,C,Q2,Benjamin Hassan,Dali Blanch,0.4349,0.5651,0.6379,0.3621,-210,+160,-0.2029,NN-SURFACE_FIX,True,,2.0,6-1 6-1,2026-03-24T12:29:32.033316,1.0,0.0,,,,,,,,,,
2026-03-23T05:32:46.849208,2026-03-23,Alicante,Hard,C,Q2,Christoph Negritu,Ilya Ivashka,0.605,0.395,0.6091,0.3909,-185,+140,-0.0041,v1.2.0,True,,2.0,4-6 7-6(6) 6-2,2026-03-24T12:29:35.446914,0.0,0.0,,,,,,,,,,
2026-03-22T23:15:21.998958,2026-03-22,Alicante,Hard,C,,Tiago Pereira,Rudolf Molleker,,,0.4367,0.5633,+115,-150,,,True,,1.0,4-6 6-2 6-0,2026-03-24T12:29:38.814350,,0.0,,,,,,,,,,
2026-03-23T05:32:46.844674,2026-03-24,Miami,Hard,A,R16,Valentin Vacherot,Arthur Fils,0.4243,0.5757,0.2988,0.7012,+220,-275,0.1255,v1.2.0,True,,2.0,6-4 6-7(4) 6-4,2026-03-24T21:59:05.860331,1.0,1.0,,,,,,,,,,
2026-03-23T05:32:46.853372,2026-03-23,Alicante,Hard,C,R32,Zdenek Kolar,Alejandro Moro Canas,0.3581,0.6419,0.5408,0.4592,-135,+105,-0.1826,v1.2.0,True,,2.0,6-4 2-6 6-0,2026-03-24T12:29:45.158024,1.0,0.0,,,,,,,,,,
2026-03-23T05:32:46.857882,2026-03-23,Alicante,Hard,C,R32,Edas Butvilas,Pol Martin Tiffon,0.6175,0.3825,0.4592,0.5408,+105,-135,0.1583,v1.2.0,True,,1.0,6-3 6-3,2026-03-24T12:29:48.720640,1.0,0.0,,,,,,,,,,
2026-03-23T05:32:46.862440,2026-03-23,,Hard,C,,Elmer Møller,Pablo Llamas Ruiz,,,0.5,0.5,,,,,True,,,,,,,,,,,,,,,,
2026-03-23T05:32:46.866994,2026-03-23,Alicante,Hard,C,R32,Sebastian Ofner,Timofey Skatov,0.7054,0.2946,0.7162,0.2838,-325,+230,-0.0108,v1.2.0,True,,1.0,6-3 6-4,2026-03-24T12:29:55.110144,1.0,1.0,,,,,,,,,,
2026-03-23T05:32:46.871747,2026-03-23,Split,Hard,C,R32,Jacopo Berrettini,Sascha Gueymard Wayenburg,0.4518,0.5482,0.4899,0.5101,-110,-120,-0.0381,v1.2.0,True,,2.0,6-1 6-0,2026-03-24T12:29:58.400851,1.0,1.0,,,,,,,,,,
2026-03-23T05:32:46.876030,2026-03-23,Split,Hard,C,R32,Andrej Nedic,Jelle Sels,0.5042,0.4958,0.6875,0.3125,-275,+200,-0.1833,v1.2.0,True,,1.0,6-1 6-4,2026-03-24T12:30:01.744934,1.0,1.0,,,,,,,,,,
2026-03-23T05:32:46.880533,2026-03-23,Split,Hard,C,R32,Martin Krumich,Felix Gill,0.4022,0.5978,0.4165,0.5835,+125,-165,-0.0143,v1.2.0,True,,2.0,6-3 7-5,2026-03-24T12:30:05.324732,1.0,1.0,,,,,,,,,,
2026-03-23T05:32:46.885409,2026-03-23,Split,Hard,C,R32,Tom Gentzsch,Jonas Forejtek,0.5301,0.4699,0.3544,0.6456,+165,-220,0.1757,v1.2.0,True,,1.0,7-5 6-1,2026-03-24T12:30:08.763519,1.0,0.0,,,,,,,,,,
2026-03-23T05:32:46.890069,2026-03-23,Naples,Hard,C,R32,Geoffrey Blancaneaux,Vitaliy Sachko,0.5756,0.4244,0.4592,0.5408,+105,-135,0.1164,v1.2.0,True,,2.0,6-2 6-1,2026-03-24T12:30:12.322049,0.0,1.0,,,,,,,,,,
2026-03-23T05:32:46.894645,2026-03-23,Naples,Hard,C,R32,Sumit Nagal,Henri Squire,0.3564,0.6436,0.5541,0.4459,-145,+110,-0.1978,v1.2.0,True,,1.0,7-5 3-6 6-4,2026-03-24T12:30:15.657119,0.0,1.0,,,,,,,,,,
2026-03-23T05:32:46.899290,2026-03-23,Naples,Hard,C,R32,Andrea Pellegrino,Filip Cristian Jianu,0.5778,0.4222,0.6768,0.3232,-260,+190,-0.099,v1.2.0,True,,1.0,6-1 6-4,2026-03-24T12:30:19.115630,1.0,1.0,,,,,,,,,,
2026-03-23T05:32:46.904300,2026-03-23,Sao Paulo,Hard,C,Q2,Jose Pereira,Joao Vitor Goncalves Ceolin,0.6295,0.3705,0.5721,0.4279,-155,+120,0.0574,v1.2.0,True,,2.0,5-7 6-2 6-4,2026-03-24T12:30:22.545387,0.0,0.0,,,,,,,,,,
2026-03-23T05:32:46.908917,2026-03-23,Sao Paulo,Hard,C,,Victor Braga,Breno Braga,,,0.7162,0.2838,-325,+230,,,True,,1.0,3-6 6-2 6-3,2026-03-24T12:30:25.772937,,1.0,,,,,,,,,,
2026-03-23T05:32:46.913483,2026-03-23,Sao Paulo,Hard,C,Q2,Wilson Leite,Johannes Ingildsen,0.6485,0.3515,0.4367,0.5633,+115,-150,0.2118,v1.2.0,True,,2.0,6-0 6-4,2026-03-24T12:30:29.117272,0.0,1.0,,,,,,,,,,
2026-03-23T05:32:46.918715,2026-03-23,Sao Paulo,Hard,C,R32,Juan Carlos Prado Angelo,Daniel Dutra da Silva,0.7837,0.2163,0.664,0.336,-240,+180,0.1197,v1.2.0,True,,1.0,3-6 6-3 6-2,2026-03-24T12:30:32.414622,1.0,1.0,,,,,,,,,,
2026-03-23T05:32:46.923092,2026-03-23,Sao Paulo,Hard,C,,Juan Bautista Torres,Murkel Dellien,,,0.6571,0.3429,-230,+175,,,True,,,,,,,,,,,,,,,,
2026-03-23T05:32:46.927738,2026-03-23,Sao Paulo,Hard,C,R32,Pedro Sakamoto,Thiago Monteiro,0.2811,0.7189,0.1636,0.8364,+475,-800,0.1174,v1.2.0,True,,2.0,6-4 4-6 6-4,2026-03-24T12:30:38.772054,1.0,1.0,,,,,,,,,,
2026-03-23T05:32:46.932408,2026-03-23,Sao Paulo,Hard,C,R32,Gustavo Heide,Roman Andres Burruchaga,0.3978,0.6022,0.3909,0.6091,+140,-185,0.0068,v1.2.0,True,,2.0,1-6 7-6(5) 6-4,2026-03-24T12:30:42.906038,1.0,1.0,,,,,,,,,,
2026-03-23T05:32:46.937018,2026-03-24,Sao Paulo,Hard,C,R32,Lautaro Midon,Alvaro Guillen Meza,0.4895,0.5105,0.4459,0.5541,+110,-145,0.0436,v1.2.0,True,,2.0,6-3 7-6(5),2026-03-24T12:30:46.198249,1.0,1.0,,,,,,,,,,
2026-03-23T05:32:46.941576,2026-03-23,Bucaramanga,Hard,C,Q2,Matteo Covato,Christopher Li,0.6887,0.3113,0.2941,0.7059,+220,-300,0.3946,v1.2.0,True,,2.0,7-6(3) 0-6 6-2,2026-03-24T12:30:49.416047,0.0,1.0,,,,,,,,,,
2026-03-23T05:32:46.946159,2026-03-23,Bucaramanga,Hard,C,,Maximo Zeitune,Daniel Salazar Martinez,,,0.766,0.234,-450,+300,,,True,,2.0,6-4 6-7(3) 6-1,2026-03-24T12:30:52.709609,,0.0,,,,,,,,,,
2026-03-23T05:32:46.950472,2026-03-23,Bucaramanga,Hard,C,,Natan Rodrigues,Nicolas Villalon Valdes,,,0.4797,0.5203,-105,-125,,,True,,,,,,,,,,,,,,,,
2026-03-23T05:32:46.955261,2026-03-23,Bucaramanga,Hard,C,Q2,Benjamin Torrealba,Noah Schachter,0.4969,0.5031,0.7434,0.2566,-385,+265,-0.2465,v1.2.0,True,,1.0,2-2 RET,2026-03-24T12:30:58.982564,0.0,1.0,,,,,,,,,,
2026-03-23T05:32:46.960185,2026-03-23,Bucaramanga,Hard,C,Q2,Joao Victor Couto Loureiro,Benjamin Thomas George,0.4613,0.5387,0.5203,0.4797,-125,-105,-0.059,v1.2.0,True,,2.0,6-2 6-1,2026-03-24T12:31:02.243984,1.0,0.0,,,,,,,,,,
2026-03-23T05:32:46.964786,2026-03-23,Morelia,Hard,C,,Alafia Ayeni,Guillermo Tunas,,,0.5,0.5,,,,,True,,,,,,,,,,,,,,,,
2026-03-23T05:32:46.969204,2026-03-23,Morelia,Hard,C,Q2,Patrick Zahraj,Miguel Tobon,0.5572,0.4428,0.4694,0.5306,EVEN,-130,0.0878,v1.2.0,True,,2.0,7-5 5-7 6-3,2026-03-24T12:31:08.510361,0.0,1.0,,,,,,,,,,
2026-03-23T05:32:46.973619,2026-03-23,French Open Men's Singles,Hard,G,,Carlos Alcaraz,The Field,,,0.406,0.594,+135,-165,,,True,,,,,,,,,,,,,,,,
2026-03-23T05:32:46.982415,2026-03-23,French Open Men's Singles,Hard,G,,Jannik Sinner,The Field,,,0.3836,0.6164,+150,-180,,,True,,,,,,,,,,,,,,,,
2026-03-23T05:32:46.986599,2026-03-23,,Hard,G,,Carlos Alcaraz,The ‪Field,,,0.5,0.5,,,,,True,,,,,,,,,,,,,,,,
2026-03-24T12:50:09.077449,2026-03-24,Miami,Hard,A,R16,Alex Michelsen,Jannik Sinner,0.1303,0.8697,0.0734,0.9266,+1200,-3300,0.0569,v1.2.1,True,,2.0,7-5 7-6(4),2026-03-24T22:00:30.249587,1.0,1.0,,,,,,,,,,
2026-03-24T12:50:09.082465,2026-03-24,Miami,Hard,A,R16,Terence Atmane,Frances Tiafoe,0.3676,0.6324,0.3535,0.6465,+170,-210,0.0142,v1.2.1,True,,2.0,6-4 1-6 6-4,2026-03-24T22:00:33.625058,1.0,1.0,,,,,,,,,,
2026-03-24T12:50:09.087524,2026-03-24,Miami,Hard,A,R16,Ugo Humbert,Francisco Cerundolo,0.5028,0.4972,0.5108,0.4892,-115,-105,-0.008,v1.2.1,True,,2.0,6-4 6-3,2026-03-24T22:00:36.986969,0.0,0.0,,,,,,,,,,
2026-03-24T12:50:09.092506,2026-03-24,Miami,Hard,A,R16,Quentin Halys,Alexander Zverev,0.12,0.88,0.1589,0.8411,+500,-750,-0.0388,v1.2.1,True,,2.0,7-6(4) 7-6(1),2026-03-24T23:18:38.136147,1.0,1.0,,,,,,,,,,
2026-03-24T12:50:09.097488,2026-03-24,Morelia,Hard,C,R32,Luka Pavlovic,Adam Walton,0.2891,0.7109,0.1788,0.8212,+425,-700,0.1103,v1.2.1,True,,1.0,6-3 7-5,2026-03-24T22:00:43.286100,0.0,0.0,,,,,,,,,,
2026-03-24T12:50:09.102149,2026-03-24,Morelia,Hard,C,R32,Bu Yunchaokete,Max Wiskandt,0.6944,0.3056,0.8553,0.1447,-1000,+550,-0.1609,v1.2.1,True,,1.0,7-5 6-4,2026-03-24T22:00:46.615526,1.0,1.0,,,,,,,,,,
2026-03-24T12:50:09.107404,2026-03-24,Morelia,Hard,C,R32,Robin Catry,Tristan Schoolkate,0.3922,0.6078,0.1875,0.8125,+400,-650,0.2047,v1.2.1,True,,2.0,7-6(2) 6-4,2026-03-24T22:01:19.906791,1.0,1.0,,,,,,,,,,
2026-03-24T12:50:09.112260,2026-03-24,Morelia,Hard,C,,Rodrigo Pacheco Mendez,Alafia Ayeni,,,0.7769,0.2231,-485,+320,,,True,,1.0,6-2 6-4,2026-03-24T22:01:23.274327,,1.0,,,,,,,,,,
2026-03-24T12:50:09.117263,2026-03-24,Morelia,Hard,C,,Alex Hernandez,Andres Andrade,,,0.2258,0.7742,+315,-475,,,True,,,,,,,,,,,,,,,,
2026-03-24T12:50:09.122083,2026-03-24,Bucaramanga,Hard,C,R32,Benjamin Thomas George,Ivan Marrero Curbelo,0.441,0.559,0.336,0.664,+180,-240,0.1051,v1.2.1,True,,2.0,6-3 2-6 6-3,2026-03-24T22:01:29.513841,1.0,1.0,,,,,,,,,,
2026-03-24T12:50:09.128060,2026-03-24,Bucaramanga,Hard,C,R32,Franco Roncadelli,Samuel Heredia,0.6591,0.3409,0.8212,0.1788,-700,+425,-0.1621,v1.2.1,True,,1.0,4-6 6-3 6-4,2026-03-24T22:01:32.809185,1.0,1.0,,,,,,,,,,
2026-03-24T12:50:09.133477,2026-03-24,Bucaramanga,Hard,C,R32,Cannon Kingsley,Adria Soriano Barrera,0.5639,0.4361,0.5,0.5,-115,-115,0.0639,v1.2.1,True,,1.0,6-3 6-7(5) 6-3,2026-03-24T22:01:36.122220,1.0,0.0,,,,,,,,,,
2026-03-24T12:50:09.138731,2026-03-24,Sao Paulo,Hard,C,R32,Joao Vitor Goncalves Ceolin,Jaime Faria,0.1126,0.8874,0.095,0.905,+900,-2000,0.0175,v1.2.1,True,,2.0,6-2 6-2,2026-03-24T22:01:39.361343,1.0,1.0,,,,,,,,,,
2026-03-24T12:50:09.146544,2026-03-24,Sao Paulo,Hard,C,,Juan Pablo Varillas,Luis Guto Miguel,,,0.6315,0.3685,-205,+155,,,True,,1.0,7-5 6-0,2026-03-24T22:01:42.703934,,1.0,,,,,,,,,,
2026-03-24T12:50:09.153199,2026-03-24,Sao Paulo,Hard,C,,Alex Barrena,Igor Marcondes,,,0.4165,0.5835,+125,-165,,,True,,1.0,6-4 1-6 7-6(1),2026-03-24T22:01:46.004771,,0.0,,,,,,,,,,
2026-03-24T12:50:09.162161,2026-03-24,Yokkaichi,Hard,C,R16,Soon Woo Kwon,August Holmgren,0.5536,0.4464,0.7434,0.2566,-385,+265,-0.1898,v1.2.1,True,,1.0,7-5 6-3,2026-03-24T22:01:49.323555,1.0,1.0,,,,,,,,,,
2026-03-24T12:50:09.170335,2026-03-24,Yokkaichi,Hard,C,R16,Yasutaka Uchiyama,Dan Added,0.4096,0.5904,0.5101,0.4899,-120,-110,-0.1006,v1.2.1,True,,1.0,6-2 6-2,2026-03-26T00:27:10.941499,0.0,1.0,,,,,,,,,,
2026-03-24T12:50:09.178304,2026-03-24,Yokkaichi,Hard,C,R16,Fajing Sun,Masamichi Imamura,0.5244,0.4756,0.6161,0.3839,-190,+145,-0.0917,v1.2.1,True,,1.0,3-6 6-3 6-4,2026-03-26T00:27:14.302970,1.0,1.0,,,,,,,,,,
2026-03-24T12:50:09.183599,2026-03-24,Yokkaichi,Hard,C,R16,James McCabe,Hayato Matsuoka,0.5951,0.4049,0.625,0.375,-200,+150,-0.0299,v1.2.1,True,,,,,,,,,,,,,,,,
2026-03-24T23:53:01.223161,2026-03-25,Split,Hard,C,R16,Andrej Nedic,Dimitar Kuzmanov,0.3452,0.6548,0.4592,0.5408,+105,-135,-0.1006,v1.2.1,True,,1.0,7-6(10) 6-1,2026-03-26T00:27:50.599891,0.0,0.0,2.1,1.6896551724137931,1.5,(-110),(-120),21.5,(-120),(-110),,
2026-03-24T23:53:01.210351,2026-03-25,Split,Hard,C,R16,Frederico Ferreira Silva,Sascha Gueymard Wayenburg,0.5226,0.4774,0.5306,0.4694,-130,EVEN,-0.0182,v1.2.1,True,,2.0,2-6 6-3 6-4,2026-03-26T00:27:53.961263,0.0,0.0,1.7407407407407407,2.05,-1.0,(-120),(-110),22.0,(-115),(-115),,
2026-03-24T23:53:01.229137,2026-03-25,Split,Hard,C,R16,Matej Dodig,Sandro Kopp,0.7202,0.2798,0.6515,0.3485,-225,+170,0.0887,v1.2.1,True,,1.0,6-4 3-6 6-2,2026-03-26T00:27:58.376015,1.0,1.0,1.4878048780487805,2.55,-3.0,(-120),(-110),22.0,(-115),(-115),,
2026-03-24T23:53:01.216955,2026-03-25,Split,Hard,C,R16,Mili Poljicak,Felix Gill,0.3326,0.6674,0.4085,0.5915,+130,-170,-0.0839,v1.2.1,True,,1.0,6-1 6-2,2026-03-26T00:28:01.753153,0.0,0.0,2.25,1.606060606060606,2.0,(-115),(-115),22.5,(-110),(-120),,
2026-03-24T12:50:09.212037,2026-03-25,Split,Hard,C,R16,Tom Gentzsch,Filippo Romano,0.6148,0.3852,0.5915,0.4085,-170,+130,0.0233,v1.2.1,True,,,,,,,,,,,,,,,,
2026-03-24T23:53:01.330149,2026-03-25,Alicante,Hard,C,R16,Lloyd Harris,Marco Cecchinato,0.6396,0.3604,0.5541,0.4459,-145,+110,0.1497,v1.2.1,True,,2.0,6-2 6-1,2026-03-26T00:28:08.097928,0.0,0.0,1.9090909090909092,1.8333333333333337,-110.0,(-110),(-120),22.5,(-115),(-115),,
2026-03-24T23:53:01.338287,2026-03-25,Alicante,Hard,C,R16,Edas Butvilas,Jesper de Jong,0.3841,0.6159,0.3125,0.6875,+200,-275,0.0609,v1.2.1,True,,1.0,7-5 2-6 6-4,2026-03-26T00:28:11.422851,0.0,0.0,2.9,1.3846153846153846,3.5,(-110),(-120),22.0,(-110),(-120),,
2026-03-24T23:53:01.344741,2026-03-25,Alicante,Hard,C,R16,Pablo Llamas Ruiz,Dali Blanch,0.628,0.372,0.7798,0.2202,-500,+325,-0.2084,v1.2.1,True,,1.0,6-1 6-2,2026-03-26T00:28:14.863922,1.0,1.0,1.125,5.75,-5.5,(-105),(-125),19.5,(-120),(-110),,
2026-03-24T23:53:01.395060,2026-03-25,Naples,Hard,C,R16,Federico Cina,Francesco Forti,0.7514,0.2486,0.7108,0.2892,-310,+225,0.02,v1.2.1,True,,1.0,6-3 6-3,2026-03-26T00:28:18.091966,1.0,1.0,1.2857142857142856,3.5,-4.0,(-110),(-120),21.5,(-115),(-115),,
2026-03-24T23:53:01.401458,2026-03-25,Naples,Hard,C,R16,Sumit Nagal,Federico Bondioli,0.497,0.503,0.6379,0.3621,-210,+160,-0.1409,v1.2.1,True,,2.0,6-2 4-6 7-5,2026-03-26T00:28:21.459139,1.0,0.0,1.4761904761904765,2.6,-3.0,(-120),(-110),21.5,(-120),(-110),,
2026-03-24T12:50:09.262035,2026-03-24,ITF Men Swan Hill,Hard,A,,Nikolas Baker,Zachary Adam-Gedge,,,0.4615,0.5385,EVEN,-140,,,True,,,,,,,,,,,,,,,,
2026-03-24T12:50:09.268424,2026-03-24,ITF Men Swan Hill,Hard,A,,Jun Hao Luo,Ashton McLeod,,,0.4484,0.5516,+105,-150,,,True,,,,,,,,,,,,,,,,
2026-03-24T12:50:09.274246,2026-03-24,,Hard,A,,Pavle Marinkov,Benjamin O'Connell,,,0.5,0.5,,,,,True,,,,,,,,,,,,,,,,
2026-03-24T12:50:09.280663,2026-03-24,ITF Men Swan Hill,Hard,A,,Stefan Storch,Alec Braund,,,0.8225,0.1775,-750,+425,,,True,,,,,,,,,,,,,,,,
2026-03-24T12:50:09.287510,2026-03-24,ITF Men Swan Hill,Hard,A,,Adrian Arcon,Joshua Charlton,,,0.1099,0.8901,+750,-2000,,,True,,,,,,,,,,,,,,,,
2026-03-24T12:50:09.294158,2026-03-24,ITF Men Swan Hill,Hard,A,,Oliver Clark Anderson,Enzo Aguiard,,,0.3556,0.6444,+160,-230,,,True,,,,,,,,,,,,,,,,
2026-03-24T12:50:09.301332,2026-03-24,ITF Men Swan Hill,Hard,A,,Ren Nakamura,Petar Jovic,,,0.6869,0.3131,-290,+195,,,True,,,,,,,,,,,,,,,,
2026-03-24T12:50:09.307811,2026-03-24,ITF Men Swan Hill,Hard,A,,Scott Jones,Jack Bruce-Smith,,,0.8225,0.1775,-750,+425,,,True,,,,,,,,,,,,,,,,
2026-03-24T23:53:01.496119,2026-03-24,ITF Men Punta del Este,Hard,A,,Juan Bautista Otegui,Dario Acosta,,,0.9151,0.0849,-5000,+1000,,,True,,,,,,,1.0133333333333334,13.0,-7.5,(-120),(-120),16.5,(-130),(-110),,
2026-03-24T12:50:09.321850,2026-03-24,ITF Men Punta del Este,Hard,A,,Bastian Malla,Gabriel Schenekenberg,,,0.8964,0.1036,-2500,+800,,,True,,,,,,,,,,,,,,,,
2026-03-24T23:53:01.469332,2026-03-24,ITF Men Punta del Este,Hard,A,,Fernando Cavallo,Valentin Guadagno,,,0.8451,0.1549,-1000,+500,,,True,,,,,,,1.1,6.0,-6.0,(-140),(EVEN),18.0,(-135),(-105),,
2026-03-24T12:50:09.335163,2026-03-24,ITF Men Maanshan,Hard,A,,Linang Xiao,Zurui Zhang,,,0.9565,0.0435,-100000,+2100,,,True,,,,,,,,,,,,,,,,
2026-03-24T23:53:01.515110,2026-03-24,French Open Men's Singles,Hard,G,,Carlos Alcaraz,The Field,,,0.406,0.594,+135,-165,,,True,,,,,,,2.35,1.606060606060606,,,,,,,,
2026-03-24T23:53:01.526897,2026-03-24,French Open Men's Singles,Hard,G,,Jannik Sinner,The Field,,,0.3836,0.6164,+150,-180,,,True,,,,,,,2.5,1.5555555555555556,,,,,,,,
2026-03-24T23:53:01.533203,2026-03-24,,Hard,G,,Carlos Alcaraz,The ‪Field,,,0.5,0.5,,,,,True,,,,,,,,,,,,,,,,
2026-03-24T23:53:01.179927,2026-03-25,Miami,Hard,A,QF,Martin Landaluce,Jiri Lehecka,0.2374,0.7626,0.3087,0.6913,+210,-260,-0.0614,v1.2.1,True,,2.0,7-6(1) 7-5,2026-03-26T00:31:10.211029,1.0,1.0,3.2,1.3636363636363638,3.0,(-105),(-125),23.0,(-115),(-115),,
2026-03-24T23:53:01.190572,2026-03-25,Miami,Hard,A,QF,Tommy Paul,Arthur Fils,0.4779,0.5221,0.4573,0.5427,+110,-130,0.0207,v1.2.1,True,,2.0,6-7(3) 7-6(4) 7-6(6),2026-03-26T00:31:13.574799,1.0,1.0,2.1,1.7692307692307692,1.0,(-120),(-110),23.5,(-115),(-115),,
2026-03-26T00:44:07.864870,2026-03-26,Miami,Hard,A,QF,Frances Tiafoe,Jannik Sinner,0.19,0.81,0.0596,0.9404,+1500,-7000,0.1304,v1.2.1,True,,,,,,,16.0,1.0142857142857142,5.5,(-115),(-115),19.5,(EVEN),(-130),,
2026-03-24T23:53:01.413737,2026-03-24,ITF Men Monastir,Hard,A,,Aziz Ouakaa,Javier Munoz Fuster,,,0.9565,0.0435,-100000,+2100,,,True,,,,,,,1.001,22.0,-8.5,(-120),(-120),15.5,(-120),(-120),,
2026-03-24T23:53:01.419925,2026-03-24,ITF Men Monastir,Hard,A,,Patrick Schoen,Andrea De Marchi,,,0.6967,0.3033,-305,+205,,,True,,,,,,,1.3278688524590163,3.05,-4.5,(-115),(-125),20.0,(-115),(-125),,
2026-03-24T23:53:01.425880,2026-03-24,ITF Men Monastir,Hard,A,,Conor Gannon,Millen Hurrion,,,0.2642,0.7358,+250,-390,,,True,,,,,,,3.2,1.303030303030303,4.5,(-120),(-120),20.0,(-130),(-110),,
2026-03-24T23:53:01.431647,2026-03-24,ITF Men Monastir,Hard,A,,Louis van Herck,Cyril Vandermeersch,,,0.1437,0.8563,+550,-1100,,,True,,,,,,,6.5,1.0909090909090908,6.5,(-130),(-110),18.0,(-130),(-110),,
2026-03-24T23:53:01.437354,2026-03-24,ITF Men Monastir,Hard,A,,Mert Alkaya,John Hallquist Lithen,,,0.8046,0.1954,-650,+375,,,True,,,,,,,1.1538461538461535,4.75,-6.0,(-125),(-115),18.5,(-120),(-120),,
2026-03-24T23:53:01.443300,2026-03-24,ITF Men Monastir,Hard,A,,Oskar Brostrom Poulsen,Alaa Trifi,,,0.5989,0.4011,-185,+130,,,True,,,,,,,1.5405405405405406,2.3,-3.0,(-115),(-125),21.0,(-115),(-125),,
2026-03-24T23:53:01.448952,2026-03-24,ITF Men Monastir,Hard,A,,Peter Makk,Sebastian Gima,,,0.7239,0.2761,-360,+235,,,True,,,,,,,1.2777777777777777,3.35,-4.5,(-115),(-125),20.5,(-110),(-130),,
2026-03-24T23:53:01.454576,2026-03-24,ITF Men Monastir,Hard,A,,Goncalo Marques,Amir Omarkhanov,,,0.1954,0.8046,+375,-650,,,True,,,,,,,4.75,1.1538461538461535,5.5,(-110),(-130),19.0,(-125),(-115),,
2026-03-24T23:53:01.460484,2026-03-24,ITF Men Monastir,Hard,A,,John Echeverria,Lars Goran Verwerft,,,0.8381,0.1619,-900,+475,,,True,,,,,,,1.1,6.0,-6.0,(-130),(-110),18.5,(-115),(-125),,
2026-03-24T23:53:01.240664,2026-03-24,ITF Men Altamura,Hard,A,,Daniel de Jonge,Nicolas Parizzia,,,0.6812,0.3188,-280,+190,,,True,,,,,,,1.3571428571428572,2.9,-3.0,(-130),(-110),22.5,(-110),(-130),,
2026-03-24T23:53:01.246468,2026-03-24,ITF Men Altamura,Hard,A,,Attila Dominik Boros,Alessandro Pecci,,,0.2466,0.7534,+275,-440,,,True,,,,,,,3.75,1.2272727272727273,4.5,(-135),(-105),21.0,(-115),(-125),,
2026-03-24T23:53:01.252845,2026-03-24,ITF Men Altamura,Hard,A,,Lorenzo Bocchi,Noah Thurner,,,0.6516,0.3484,-240,+165,,,True,,,,,,,1.4166666666666667,2.65,-3.5,(-120),(-120),21.0,(-125),(-115),,
2026-03-24T23:53:01.260202,2026-03-24,ITF Men Altamura,Hard,A,,Flynn Thomas,Leonardo Rossi,,,0.481,0.519,-110,-130,,,True,,,,,,,1.9090909090909092,1.7692307692307692,0.5,(-115),(-125),21.5,(-115),(-125),,
2026-03-26T00:44:07.925546,2026-03-26,Split,Hard,C,R16,Tom Gentzsch,Filippo Romano,0.6155,0.3845,0.6091,0.3909,-185,+140,0.0065,v1.2.1,True,,,,,,,1.5405405405405406,2.4,-2.5,(-120),(-110),22.0,(-115),(-115),248.0,378.0
2026-03-24T23:53:01.266645,2026-03-24,ITF Men Saint Dizier,Hard,A,,Theo Herrmann,Niels Visker,,,0.2059,0.7941,+350,-600,,,True,,,,,,,4.5,1.1666666666666667,4.5,(-115),(-125),20.5,(-125),(-115),,
2026-03-24T23:53:01.273170,2026-03-24,ITF Men Saint Dizier,Hard,A,,Gauthier Onclin,Remy Dugardin,,,0.9277,0.0723,-7500,+1200,,,True,,,,,,,1.0133333333333334,13.0,-7.0,(-115),(-125),17.5,(-125),(-115),,
2026-03-24T23:53:01.279216,2026-03-24,ITF Men Saint Dizier,Hard,A,,Yanis Ghazouani Durand,Liam Branger,,,0.6384,0.3616,-225,+155,,,True,,,,,,,1.4444444444444444,2.55,-3.0,(-125),(-115),21.5,(-125),(-115),,
2026-03-24T23:53:01.285962,2026-03-24,ITF Men Saint Dizier,Hard,A,,Ferdinand Livet Novkirichka,Jannik Opitz,,,0.6703,0.3297,-265,+180,,,True,,,,,,,1.392156862745098,2.75,-3.5,(-120),(-120),21.5,(-115),(-125),,
2026-03-24T23:53:01.292529,2026-03-24,ITF Men Opatija,Hard,A,,Kristijan Juhas,Nik Mikovic,,,0.8046,0.1954,-650,+375,,,True,,,,,,,1.1538461538461535,4.75,-5.5,(-125),(-115),19.0,(-130),(-110),,
2026-03-24T23:53:01.298495,2026-03-24,ITF Men Opatija,Hard,A,,Pierre Delage,Antonio Voljavec,,,0.6384,0.3616,-225,+155,,,True,,,,,,,1.4444444444444444,2.55,-3.5,(-125),(-115),20.5,(-125),(-115),,
2026-03-24T23:53:01.305438,2026-03-24,ITF Men Opatija,Hard,A,,Aljaz Jeran,Lorenzo Ferri,,,0.6384,0.3616,-225,+155,,,True,,,,,,,1.4444444444444444,2.55,-3.5,(-130),(-110),20.5,(-115),(-125),,
2026-03-24T23:53:01.311511,2026-03-24,ITF Men Opatija,Hard,A,,Matyas Fuele,Jeremy Gschwendtner,,,0.7239,0.2761,-360,+235,,,True,,,,,,,1.2777777777777777,3.35,-4.5,(-130),(-110),20.0,(-120),(-120),,
2026-03-24T23:53:01.317660,2026-03-24,ITF Men Opatija,Hard,A,,Viacheslav Bielinskyi,Ivan Biletic,,,0.8901,0.1099,-2000,+750,,,True,,,,,,,1.05,8.5,-7.0,(-110),(-130),17.5,(-120),(-120),,
2026-03-24T23:53:01.323924,2026-03-24,ITF Men Opatija,Hard,A,,Gabriele Bosio,Kirill Kivattsev,,,0.2642,0.7358,+250,-390,,,True,,,,,,,3.5,1.2564102564102564,4.5,(-115),(-125),20.0,(-120),(-120),,
2026-03-24T22:33:05.552388,2026-03-25,Alicante,Hard,C,R16,Alejo Sanchez Quilez,Pablo Carreno-Busta,0.1479,0.8521,0.1709,0.8291,+450,-750,-0.023,v1.2.1,True,,,,,,,5.5,1.1333333333333333,5.5,(EVEN),(-130),19.5,(-110),(-120),,
2026-03-24T23:53:01.350955,2026-03-25,Alicante,Hard,C,R16,Sebastian Ofner,Alejandro Moro Canas,0.7204,0.2796,0.75,0.25,-400,+275,-0.0296,v1.2.1,True,,1.0,7-6(5) 6-4,2026-03-26T00:34:35.256788,1.0,1.0,1.25,3.75,-4.5,(-105),(-125),21.5,(-110),(-120),,
2026-03-24T23:53:01.364982,2026-03-24,ITF Men Tarragona,Hard,A,,Hugo Ruiz Rodriguez,Peter Buldorini,,,0.186,0.814,+400,-700,,,True,,,,,,,5.0,1.1428571428571428,6.0,(-135),(-105),18.5,(-125),(-115),,
2026-03-24T23:53:01.371388,2026-03-24,ITF Men Tarragona,Hard,A,,Arthur Laborde,Oriol Roca Batalla,,,0.0779,0.9221,+1100,-7000,,,True,,,,,,,12.0,1.0142857142857142,7.0,(-120),(-120),17.5,(EVEN),(-140),,
2026-03-24T23:53:01.377462,2026-03-24,ITF Men Tarragona,Hard,A,,Max Alcala Gurri,David Naharro,,,0.9565,0.0435,-100000,+2100,,,True,,,,,,,1.001,22.0,-8.0,(-125),(-115),16.0,(-120),(-120),,
2026-03-24T23:53:01.383344,2026-03-24,ITF Men Tarragona,Hard,A,,Javier Barranco Cosano,Carles Cordoba,,,0.7941,0.2059,-600,+350,,,True,,,,,,,1.1666666666666667,4.5,-5.5,(-120),(-120),19.5,(-110),(-130),,
2026-03-24T23:53:01.389126,2026-03-25,Naples,Hard,C,R16,Andrea Pellegrino,Vitaliy Sachko,0.4846,0.5154,0.6875,0.3125,-275,+200,-0.1794,v1.2.1,True,,2.0,4-6 6-3 6-4,2026-03-26T00:35:20.659462,1.0,0.0,1.4166666666666667,2.8,-3.5,(-120),(-110),22.0,(-110),(-120),,
2026-03-24T23:53:01.407413,2026-03-25,Naples,Hard,C,R16,Matteo Martineau,Michele Ribecai,0.4719,0.5281,0.4459,0.5541,+110,-145,0.026,v1.2.1,True,,2.0,2-6 6-4 6-2,2026-03-26T00:35:24.009907,1.0,1.0,2.1,1.6896551724137931,1.5,(-115),(-115),22.0,(-115),(-115),,
2026-03-24T22:33:05.628457,2026-03-24,ITF Men Maanshan,Hard,A,,Daniil Sarksian,Sergey Petrov,,,0.5807,0.4193,-170,+120,,,True,,,,,,,1.5882352941176472,2.2,-2.5,(-120),(-120),21.5,(-115),(-125),,
2026-03-24T22:33:05.634256,2026-03-24,ITF Men Ahmedabad,Hard,A,,Aryan Lakshmanan,Hitesh Chauhan,,,0.5516,0.4484,-150,+105,,,True,,,,,,,1.6666666666666663,2.05,-1.5,(-120),(-120),21.5,(-115),(-125),,
2026-03-24T22:33:05.640081,2026-03-24,ITF Men Ahmedabad,Hard,A,,Caheer Warik,Shanker Heisnam,,,0.2402,0.7598,+285,-460,,,True,,,,,,,3.85,1.2173913043478262,5.5,(-130),(-110),19.0,(-120),(-120),,
2026-03-24T23:53:01.476315,2026-03-24,ITF Men Punta del Este,Hard,A,,Mateo Del Pino,Valentino Grippo,,,0.7534,0.2466,-440,+275,,,True,,,,,,,1.2272727272727273,3.75,-5.0,(-130),(-110),19.5,(-120),(-120),,
2026-03-24T23:53:01.482969,2026-03-24,ITF Men Punta del Este,Hard,A,,Dante Pagani,Rocco Valente,,,0.6869,0.3131,-290,+195,,,True,,,,,,,1.3448275862068966,2.95,-4.0,(-130),(-110),20.5,(-125),(-115),,
2026-03-24T23:53:01.489761,2026-03-24,ITF Men Punta del Este,Hard,A,,Lucca Pinto,Pedro Iamachkine,,,0.3846,0.6154,+140,-200,,,True,,,,,,,2.4,1.5,3.5,(-125),(-115),20.5,(-125),(-115),,
2026-03-24T23:53:01.502921,2026-03-24,ITF Men Punta del Este,Hard,A,,Juan Ignacio Gallego,Agustin Libre,,,0.7239,0.2761,-360,+235,,,True,,,,,,,1.2857142857142856,3.3,-5.5,(-120),(-120),19.0,(-120),(-120),,
2026-03-24T23:53:01.509194,2026-03-24,ITF Men Punta del Este,Hard,A,,Bautista de la Pena,Ignacio Monzon,,,0.1036,0.8964,+800,-2500,,,True,,,,,,,9.0,1.04,7.0,(-135),(-105),17.5,(-125),(-115),,
2026-03-26T00:44:07.873297,2026-03-26,Miami,Hard,A,QF,Francisco Cerundolo,Alexander Zverev,0.2258,0.7742,0.2936,0.7064,+225,-285,-0.0679,v1.2.1,True,,,,,,,3.25,1.350877192982456,3.0,(-105),(-125),22.5,(-120),(-110),,
2026-03-26T00:44:07.959389,2026-03-26,Alicante,Hard,C,R16,Alejo Sanchez Quilez,Pablo Carreno-Busta,0.148,0.852,0.1709,0.8291,+450,-750,-0.0228,v1.2.1,True,,,,,,,5.5,1.1333333333333333,5.5,(EVEN),(-130),19.5,(-110),(-120),527.0,117.0
2026-03-26T00:44:07.879288,2026-03-27,Miami,Hard,A,SF,Jiri Lehecka,Arthur Fils,0.4397,0.5603,0.5,0.5,,,-0.0603,v1.2.1,True,,,,,,,,,2.0,(-125),(-105),23.0,(-125),(-105),22.0,31.0
2026-03-26T00:44:07.886847,2026-03-26,Naples,Hard,C,R16,Carlo Alberto Caniato,Alexandre Muller,0.239,0.761,0.3035,0.6965,+210,-285,-0.0645,v1.2.1,True,,,,,,,3.1,1.350877192982456,4.0,(-125),(-105),21.5,(-115),(-115),399.0,90.0
2026-03-26T00:44:07.894106,2026-03-26,Naples,Hard,C,R16,Hamad Medjedovic,Stefanos Sakellaridis,0.5881,0.4119,0.7397,0.2603,-375,+260,-0.1516,v1.2.1,True,,,,,,,1.2666666666666666,3.6,-4.0,(-115),(-115),21.5,(-115),(-115),115.0,220.0
2026-03-26T00:44:07.900798,2026-03-26,Naples,Hard,C,R16,Daniel Altmaier,Andrea Guerrieri,0.7615,0.2385,0.7397,0.2603,-375,+260,0.0218,v1.2.1,True,,,,,,,1.2666666666666666,3.6,-4.5,(-130),(EVEN),20.5,(-120),(-110),55.0,409.0
2026-03-26T00:44:07.907024,2026-03-26,Naples,Hard,C,R16,Enrico Dalla Valle,Lorenzo Giustino,0.4878,0.5122,0.3909,0.6091,+140,-185,0.0969,v1.2.1,True,,,,,,,2.4,1.5405405405405406,2.5,(-105),(-125),22.0,(-120),(-110),475.0,202.0
2026-03-26T00:44:07.913208,2026-03-26,Split,Hard,C,R16,Eliakim Coulibaly,Alexander Vasilev,0.9247,0.0753,0.5203,0.4797,-125,-105,0.4044,v1.2.1,True,,,,,,,1.8,1.9523809523809523,-0.5,(-115),(-115),21.5,(-115),(-115),286.0,995.0
2026-03-26T00:44:07.919366,2026-03-26,Split,Hard,C,R16,Maxim Mrva,Kimmer Coppejans,0.5015,0.4985,0.4279,0.5721,+120,-155,0.0736,v1.2.1,True,,,,,,,2.2,1.6451612903225803,2.5,(-120),(-110),21.5,(-115),(-115),271.0,244.0
2026-03-26T00:44:07.931625,2026-03-26,Split,Hard,C,R16,Lukas Neumayer,Duje Ajdukovic,0.4765,0.5235,0.625,0.375,-200,+150,-0.1485,v1.2.1,True,,,,,,,1.5,2.5,-3.0,(-115),(-115),22.0,(-110),(-120),227.0,315.0
2026-03-26T00:44:07.939111,2026-03-26,Alicante,Hard,C,R16,Pedro Martinez,Remy Bertola,0.5566,0.4434,0.7108,0.2892,-310,+225,-0.1541,v1.2.1,True,,,,,,,1.3225806451612905,3.25,-4.0,(-120),(-110),21.0,(-115),(-115),113.0,210.0
2026-03-26T00:44:07.945530,2026-03-26,Alicante,Hard,C,R16,Jan Choinski,Roman Safiullin,0.5339,0.4661,0.5633,0.4367,-150,+115,-0.0294,v1.2.1,True,,,,,,,1.6666666666666663,2.15,-1.5,(-120),(-110),22.5,(-115),(-115),123.0,216.0
2026-03-26T00:44:07.952698,2026-03-26,Alicante,Hard,C,R16,Max Houkes,Vilius Gaubas,0.3318,0.6682,0.3544,0.6456,+165,-220,-0.0225,v1.2.1,True,,,,,,,2.65,1.4545454545454546,3.0,(-110),(-120),22.0,(-120),(-110),251.0,105.0
2026-03-26T00:44:07.965848,2026-03-26,Sao Paulo,Hard,C,R16,Emilio Nava,Santiago Fa Rodriguez Taverna,0.7637,0.2363,0.8125,0.1875,-650,+400,-0.0488,v1.2.1,True,,,,,,,1.1538461538461535,5.0,-4.5,(-135),(+105),21.0,(-120),(-110),74.0,229.0
2026-03-26T00:44:07.973292,2026-03-26,Sao Paulo,Hard,C,R16,Alex Barrena,Juan Pablo Varillas,0.5348,0.4652,0.4592,0.5408,+105,-135,0.0756,v1.2.1,True,,,,,,,2.05,1.7407407407407407,1.5,(-120),(-110),22.0,(-110),(-120),173.0,290.0
2026-03-26T00:44:07.980553,2026-03-26,Sao Paulo,Hard,C,R16,Eduardo Ribeiro,Roman Andres Burruchaga,0.1916,0.8084,0.2202,0.7798,+325,-500,-0.0285,v1.2.1,True,,,,,,,4.25,1.2,4.5,(-110),(-120),21.0,(-110),(-120),359.0,102.0
2026-03-26T00:44:07.987635,2026-03-26,Bucaramanga,Hard,C,QF,Franco Roncadelli,Lorenzo Joaquin Rodriguez,0.5325,0.4675,0.6091,0.3909,-185,+140,-0.0766,v1.2.1,True,,,,,,,1.5405405405405406,2.4,-3.0,(-115),(-115),21.0,(-120),(-110),332.0,507.0
2026-03-26T00:44:07.994318,2026-03-26,Bucaramanga,Hard,C,,Nicolas Villalon Valdes,Juan Manuel La Serna,,,0.2258,0.7742,+315,-475,,,True,,,,,,,4.15,1.2105263157894737,5.0,(-110),(-120),20.0,(-105),(-125),,
2026-03-26T00:44:08.001543,2026-03-26,Bucaramanga,Hard,C,QF,Guido Ivan Justo,Johan Nikles,0.4441,0.5559,0.6875,0.3125,-275,+200,-0.2434,v1.2.1,True,,,,,,,1.3636363636363638,3.0,-4.5,(-110),(-120),20.5,(-115),(-115),280.0,546.0
2026-03-26T00:44:08.008615,2026-03-26,Morelia,Hard,C,QF,Alexis Galarneau,Luka Pavlovic,0.4695,0.5305,0.5721,0.4279,-155,+120,-0.1026,v1.2.1,True,,,,,,,1.6451612903225805,2.2,-2.0,(-110),(-120),22.5,(-115),(-115),209.0,219.0
