run_id,run_kind,started_at,completed_at,status,auto_settle_enabled,rankings_refresh_enabled,odds_rows_fetched,odds_rows_candidate,feature_rows_total,feature_rows_ok,feature_rows_skipped,feature_skip_reason_summary,prediction_rows_total,prediction_rows_success,prediction_rows_error,prediction_log_attempts,prediction_log_created,prediction_log_updated,prediction_log_skipped_incomplete,prediction_identity_aliases,prediction_identity_conflicts,bet_opportunities,bets_logged,settlement_candidates,settlement_newly_settled,settlement_auto_settled_bets,settlement_reason_summary,auto_settle_status,auto_settle_error,canonical_ingest_status,canonical_ingest_rows,canonical_ingest_error,reconcile_status,reconcile_error,account_equity,pending_exposure,available_bankroll,exposure_gate_status,performance_shadow_attempts,performance_shadow_logged,performance_shadow_models_loaded,error_message
run_20260708T034903Z,prediction_pipeline,2026-07-08T03:49:03+00:00,2026-07-08T03:59:18+00:00,success,True,True,150,28,28,26,2,"{""feature_error:P1 rank is None (not ranked / not found on TA) for slug: DiegoDedura"": 1, ""feature_error:TA profile load failed for slug: ManasManojDhamne"": 1}",28,26,2,28,2,26,0,,,13,0,75,0,0,"{""matched_and_settled"": 1, ""ta_empty"": 74, ""too_recent_to_settle"": 24}",,,,,,,,,,,,260.0,260.0,10.0,
run_20260708T064329Z,prediction_pipeline,2026-07-08T06:43:29+00:00,,running,,,0,0,0,0,0,{},0,0,0,0,0,0,0,,,0,0,0,0,0,{},,,,,,,,,,,,0.0,0.0,0.0,
run_20260708T071952Z,prediction_pipeline,2026-07-08T07:19:52+00:00,2026-07-08T07:56:28+00:00,success,False,True,149,149,149,143,6,"{""inside_pre_match_buffer_5m"": 3, ""scheduled_start_passed"": 3}",149,143,6,149,122,27,0,,,29,0,0,0,0,{},,,,,,,,,,,,1430.0,1430.0,10.0,
run_20260708T094211Z,prediction_pipeline,2026-07-08T09:42:11+00:00,2026-07-08T09:51:19+00:00,success,True,True,154,25,25,24,1,"{""feature_error:TA profile load failed for slug: ManasManojDhamne"": 1}",25,24,1,25,0,25,0,,,13,13,75,1,0,"{""matched_and_settled"": 1, ""ta_empty"": 74, ""too_recent_to_settle"": 140}",,,,,,,,,,,,240.0,240.0,10.0,
run_20260708T120034Z,prediction_pipeline,2026-07-08T12:00:34+00:00,2026-07-08T12:06:49+00:00,success,True,True,107,19,19,12,7,"{""inside_pre_match_buffer_5m"": 4, ""scheduled_start_passed"": 3}",19,12,7,19,0,19,0,,,9,3,75,1,0,"{""matched_and_settled"": 1, ""recently_attempted"": 74, ""ta_empty"": 74, ""too_recent_to_settle"": 140}",,,,,,,,,,,,120.0,120.0,10.0,
run_20260708T144433Z,prediction_pipeline,2026-07-08T14:44:33+00:00,2026-07-08T14:48:57+00:00,success,True,True,10,10,10,10,0,{},10,10,0,10,0,10,0,,,5,1,75,48,0,"{""matched_and_settled"": 48, ""recently_attempted"": 148, ""ta_empty"": 27, ""too_recent_to_settle"": 138}",,,,,,,,,,,,100.0,100.0,10.0,
run_20260708T165413Z,prediction_pipeline,2026-07-08T16:54:13+00:00,2026-07-08T16:58:48+00:00,success,True,True,33,7,7,7,0,{},7,7,0,7,0,7,0,,,3,2,2,0,0,"{""recently_attempted"": 175, ""ta_empty"": 2, ""too_recent_to_settle"": 138}",,,,,,,,,,,,70.0,70.0,10.0,
run_20260708T192158Z,prediction_pipeline,2026-07-08T19:21:58+00:00,2026-07-08T19:25:59+00:00,success,True,True,17,3,3,3,0,{},3,3,0,3,0,3,0,,,0,0,11,0,0,"{""recently_attempted"": 177, ""ta_empty"": 11, ""too_recent_to_settle"": 127}",,,,,,,,,,,,30.0,30.0,10.0,
run_20260708T193233Z,prediction_pipeline,2026-07-08T19:32:33+00:00,2026-07-08T19:35:47+00:00,success,True,True,18,3,3,3,0,{},3,3,0,3,0,3,0,,,0,0,7,0,0,"{""recently_attempted"": 188, ""ta_empty"": 7, ""too_recent_to_settle"": 120}",,,,,,,,,,,,30.0,30.0,10.0,
run_20260708T194008Z,prediction_pipeline,2026-07-08T19:40:08+00:00,2026-07-08T19:44:00+00:00,success,True,True,15,3,3,3,0,{},3,3,0,3,0,3,0,,,0,0,75,0,0,"{""recently_attempted"": 18, ""ta_empty"": 75, ""too_recent_to_settle"": 11}",,,,,,,,,,,,30.0,30.0,10.0,
run_20260708T194829Z,prediction_pipeline,2026-07-08T19:48:29+00:00,2026-07-08T19:54:50+00:00,success,True,True,14,3,3,3,0,{},3,3,0,3,0,3,0,,,0,0,75,0,0,"{""recently_attempted"": 93, ""ta_empty"": 75, ""too_recent_to_settle"": 11}",,,,,,,,,,,,30.0,30.0,10.0,
run_20260708T195827Z,prediction_pipeline,2026-07-08T19:58:27+00:00,2026-07-08T20:04:45+00:00,success,True,True,14,3,3,3,0,{},3,3,0,3,0,3,0,,,0,0,75,1,1,"{""matched_and_settled"": 1, ""recently_attempted"": 168, ""ta_empty"": 74, ""too_recent_to_settle"": 11}",,,,,,,,,,,,30.0,30.0,10.0,
settle_20260708T202840Z,auto_settle,2026-07-08T20:28:40+00:00,2026-07-08T20:31:33+00:00,success,True,,0,0,0,0,0,{},0,0,0,0,0,0,0,,,0,0,20,2,1,"{""matched_and_settled"": 2, ""opponent_not_found"": 8, ""outside_window"": 5, ""ta_empty"": 3, ""ta_match_unfinished"": 2, ""too_recent_to_settle"": 65}",,,,,,,,,,,,,,,
settle_20260708T203503Z,auto_settle,2026-07-08T20:35:03+00:00,2026-07-08T20:38:39+00:00,success,True,,0,0,0,0,0,{},0,0,0,0,0,0,0,,,0,0,25,7,3,"{""matched_and_settled"": 7, ""opponent_not_found"": 7, ""outside_window"": 8, ""ta_empty"": 1, ""ta_match_unfinished"": 2}",,,,,,,,,,,,,,,
run_20260708T222012Z,prediction_pipeline,2026-07-08T22:20:12+00:00,2026-07-08T22:28:28+00:00,success,True,True,24,8,8,8,0,{},8,8,0,8,6,2,0,,,0,0,150,0,0,"{""recently_attempted"": 30, ""ta_empty"": 150, ""too_recent_to_settle"": 11}",,,,,,,,,,,,80.0,80.0,10.0,
run_20260709T004018Z,prediction_pipeline,2026-07-09T00:40:18+00:00,2026-07-09T00:54:05+00:00,success,True,True,122,18,18,16,2,"{""scheduled_start_passed"": 2}",18,16,2,18,10,8,0,,,5,5,150,0,0,"{""ta_empty"": 150, ""too_recent_to_settle"": 14}",,,,,,,,,,,,160.0,160.0,10.0,
run_20260709T010548Z,prediction_pipeline,2026-07-09T01:05:48+00:00,2026-07-09T01:15:13+00:00,success,True,True,84,16,16,16,0,{},16,16,0,16,0,16,0,,,7,3,150,3,3,"{""matched_and_settled"": 3, ""recently_attempted"": 150, ""ta_empty"": 147, ""too_recent_to_settle"": 18}",,,,,,,,,,,,160.0,160.0,10.0,
run_20260709T014742Z,prediction_pipeline,2026-07-09T01:47:42+00:00,2026-07-09T01:55:24+00:00,success,True,True,89,17,17,17,0,{},17,17,0,17,1,16,0,,,7,1,0,0,0,"{""too_recent_to_settle"": 18}",,,,,,,,,,,,170.0,170.0,10.0,
run_20260709T051522Z,prediction_pipeline,2026-07-09T05:15:22+00:00,2026-07-09T05:25:16+00:00,success,True,True,101,22,22,22,0,{},22,22,0,22,5,17,0,,,11,8,150,0,0,"{""ta_empty"": 150, ""too_recent_to_settle"": 18}",,,,,,,,,,,,220.0,220.0,10.0,
run_20260709T055054Z,prediction_pipeline,2026-07-09T05:50:54+00:00,2026-07-09T05:59:23+00:00,success,True,True,103,22,22,22,0,{},22,22,0,22,0,22,0,,,9,0,148,0,0,"{""recently_attempted"": 150, ""ta_empty"": 148, ""too_recent_to_settle"": 23}",,,,,,,,,,,,220.0,220.0,10.0,
run_20260709T085012Z,prediction_pipeline,2026-07-09T08:50:12+00:00,2026-07-09T09:28:43+00:00,success,True,True,91,23,23,22,1,"{""feature_error:TA profile load failed for slug: StefanKozlov"": 1}",23,22,1,23,1,22,0,,,11,3,150,0,0,"{""ta_empty"": 150, ""too_recent_to_settle"": 23}",,,,,,,,,,,,220.0,220.0,10.0,
run_20260709T101721Z,prediction_pipeline,2026-07-09T10:17:21+00:00,2026-07-09T10:28:28+00:00,success,True,True,71,24,24,23,1,"{""inside_pre_match_buffer_5m"": 1}",24,23,1,24,4,20,0,,,0,0,148,0,0,"{""recently_attempted"": 150, ""ta_empty"": 148, ""too_recent_to_settle"": 23}",,,,,,,,,,,,230.0,230.0,10.0,
run_20260709T121906Z,prediction_pipeline,2026-07-09T12:19:06+00:00,2026-07-09T12:29:27+00:00,success,True,True,54,21,21,21,0,{},21,21,0,21,4,17,0,,,0,0,150,0,0,"{""recently_attempted"": 148, ""ta_empty"": 150, ""too_recent_to_settle"": 25}",,,,,,,,,,,,210.0,210.0,10.0,
run_20260709T134043Z,prediction_pipeline,2026-07-09T13:40:43+00:00,2026-07-09T13:46:32+00:00,success,True,True,20,20,20,19,1,"{""scheduled_start_passed"": 1}",20,19,1,20,0,20,0,,,0,0,150,0,0,"{""recently_attempted"": 150, ""ta_empty"": 150, ""too_recent_to_settle"": 29}",,,,,,,,,,,,190.0,190.0,10.0,
run_20260709T154016Z,prediction_pipeline,2026-07-09T15:40:16+00:00,2026-07-09T15:49:17+00:00,success,True,True,23,12,12,11,1,"{""inside_pre_match_buffer_5m"": 1}",12,11,1,12,0,12,0,,,0,0,150,10,5,"{""matched_and_settled"": 10, ""recently_attempted"": 150, ""ta_empty"": 140, ""too_recent_to_settle"": 29}",,,,,,,,,,,,110.0,110.0,10.0,
run_20260709T161926Z,prediction_pipeline,2026-07-09T16:19:26+00:00,2026-07-09T16:30:48+00:00,success,True,True,21,9,9,9,0,{},9,9,0,9,0,9,0,,,0,0,150,0,0,"{""recently_attempted"": 140, ""ta_empty"": 150, ""too_recent_to_settle"": 29}",,,,,,,,,,,,90.0,90.0,10.0,
run_20260709T181401Z,prediction_pipeline,2026-07-09T18:14:01+00:00,2026-07-09T18:19:14+00:00,success,True,True,15,5,5,5,0,{},5,5,0,5,0,5,0,,,0,0,140,11,0,"{""matched_and_settled"": 11, ""recently_attempted"": 150, ""ta_empty"": 129, ""too_recent_to_settle"": 29}",,,,,,,,,,,,50.0,50.0,10.0,
run_20260709T183050Z,prediction_pipeline,2026-07-09T18:30:50+00:00,2026-07-09T18:37:13+00:00,success,True,True,15,5,5,5,0,{},5,5,0,5,0,5,0,,,0,0,150,0,0,"{""recently_attempted"": 129, ""ta_empty"": 150, ""too_recent_to_settle"": 29}",,,,,,,,,,,,50.0,50.0,10.0,
run_20260709T184812Z,prediction_pipeline,2026-07-09T18:48:12+00:00,2026-07-09T18:53:25+00:00,success,True,True,15,5,5,5,0,{},5,5,0,5,0,5,0,,,0,0,0,0,0,"{""too_recent_to_settle"": 29}",,,,,,,,,,,,50.0,50.0,10.0,
run_20260709T195137Z,prediction_pipeline,2026-07-09T19:51:37+00:00,2026-07-09T19:56:33+00:00,success,True,True,10,3,3,3,0,{},3,3,0,3,0,3,0,,,0,0,1,0,0,"{""recently_attempted"": 279, ""ta_empty"": 1, ""too_recent_to_settle"": 28}",,,,,,,,,,,,30.0,30.0,10.0,
run_20260709T200802Z,prediction_pipeline,2026-07-09T20:08:02+00:00,2026-07-09T20:12:47+00:00,success,True,True,20,5,5,5,0,{},5,5,0,5,2,3,0,,,0,0,2,0,0,"{""recently_attempted"": 280, ""ta_empty"": 2, ""too_recent_to_settle"": 26}",,,,,,,,,,,,50.0,50.0,10.0,
run_20260709T203635Z,prediction_pipeline,2026-07-09T20:36:35+00:00,2026-07-09T20:39:46+00:00,success,True,True,46,3,3,3,0,{},3,3,0,3,0,3,0,,,1,1,150,0,0,"{""recently_attempted"": 3, ""ta_empty"": 150, ""too_recent_to_settle"": 27}",,,,,,,,,,,,30.0,30.0,10.0,
run_20260709T205737Z,prediction_pipeline,2026-07-09T20:57:37+00:00,2026-07-09T21:02:44+00:00,success,True,True,18,4,4,4,0,{},4,4,0,4,0,4,0,,,2,1,130,0,0,"{""recently_attempted"": 153, ""ta_empty"": 130, ""too_recent_to_settle"": 27}",,,,,,,,,,,,40.0,40.0,10.0,
run_20260709T215011Z,prediction_pipeline,2026-07-09T21:50:11+00:00,2026-07-09T21:55:22+00:00,success,True,True,31,3,3,3,0,{},3,3,0,3,0,3,0,,,1,1,5,0,0,"{""recently_attempted"": 283, ""ta_empty"": 5, ""too_recent_to_settle"": 22}",,,,,,,,,,,,30.0,30.0,10.0,
run_20260709T221100Z,prediction_pipeline,2026-07-09T22:11:00+00:00,2026-07-09T22:19:05+00:00,success,True,True,38,6,6,6,0,{},6,6,0,6,4,2,0,,,3,3,4,0,0,"{""recently_attempted"": 285, ""ta_empty"": 4, ""too_recent_to_settle"": 21}",,,,,,,,,,,,60.0,60.0,10.0,
run_20260709T234034Z,prediction_pipeline,2026-07-09T23:40:34+00:00,2026-07-09T23:45:37+00:00,success,True,True,31,13,13,12,1,"{""feature_error:TA profile load failed for slug: ManasManojDhamne"": 1}",13,12,1,13,7,6,0,,,5,5,150,0,0,"{""recently_attempted"": 9, ""ta_empty"": 150, ""too_recent_to_settle"": 23}",,,,,,,,,,,,120.0,120.0,10.0,
run_20260710T000425Z,prediction_pipeline,2026-07-10T00:04:25+00:00,2026-07-10T00:10:45+00:00,success,True,True,52,13,13,12,1,"{""feature_error:TA profile load failed for slug: ManasManojDhamne"": 1}",13,12,1,13,0,13,0,,,7,2,137,4,1,"{""matched_and_settled"": 4, ""recently_attempted"": 154, ""ta_empty"": 133, ""too_recent_to_settle"": 29}",,,,,,,,,,,,120.0,120.0,10.0,
run_20260710T001603Z,prediction_pipeline,2026-07-10T00:16:03+00:00,2026-07-10T00:24:04+00:00,success,True,True,29,29,29,26,3,"{""feature_error:TA profile load failed for slug: ArenBaybars"": 1, ""feature_error:TA profile load failed for slug: ManasManojDhamne"": 1, ""feature_error:TA profile load failed for slug: YukiMochizuki"": 1}",29,26,3,29,16,13,0,,,10,5,4,0,0,"{""recently_attempted"": 283, ""ta_empty"": 4, ""too_recent_to_settle"": 29}",,,,,,,,,,,,260.0,260.0,10.0,
run_20260710T013750Z,prediction_pipeline,2026-07-10T01:37:50+00:00,2026-07-10T01:55:55+00:00,success,True,True,57,57,57,52,5,"{""feature_error:TA profile load failed for slug: ArenBaybars"": 1, ""feature_error:TA profile load failed for slug: ManasManojDhamne"": 1, ""feature_error:TA profile load failed for slug: MuhammadRifqiFitriadi"": 1, ""feature_error:TA profile load failed for slug: NicolasRobert"": 1, ""feature_error:TA profile load failed for slug: YukiMochizuki"": 1}",57,52,5,57,28,29,0,,,23,13,7,6,4,"{""matched_and_settled"": 6, ""recently_attempted"": 287, ""ta_empty"": 1, ""too_recent_to_settle"": 36}",,,,,,,,,,,,520.0,520.0,10.0,
run_20260710T041910Z,prediction_pipeline,2026-07-10T04:19:10+00:00,2026-07-10T04:35:11+00:00,success,True,True,69,69,69,62,7,"{""feature_error:TA profile load failed for slug: ArenBaybars"": 1, ""feature_error:TA profile load failed for slug: DenisConstantinSpiridon"": 1, ""feature_error:TA profile load failed for slug: LucasSilva"": 1, ""feature_error:TA profile load failed for slug: ManasManojDhamne"": 1, ""feature_error:TA profile load failed for slug: MuhammadRifqiFitriadi"": 1, ""feature_error:TA profile load failed for slug: NicolasRobert"": 1, ""scheduled_start_passed"": 1}",69,62,7,69,15,54,0,,,20,8,150,0,0,"{""ta_empty"": 150, ""too_recent_to_settle"": 55}",,,,,,,,,,,,620.0,620.0,10.0,
run_20260710T044225Z,prediction_pipeline,2026-07-10T04:42:25+00:00,2026-07-10T04:56:17+00:00,success,True,True,71,71,71,65,6,"{""feature_error:TA profile load failed for slug: ArenBaybars"": 1, ""feature_error:TA profile load failed for slug: DenisConstantinSpiridon"": 1, ""feature_error:TA profile load failed for slug: LucasSilva"": 1, ""feature_error:TA profile load failed for slug: ManasManojDhamne"": 1, ""feature_error:TA profile load failed for slug: MuhammadRifqiFitriadi"": 1, ""feature_error:TA profile load failed for slug: NicolasRobert"": 1}",71,65,6,71,3,68,0,,,19,4,145,0,0,"{""recently_attempted"": 150, ""ta_empty"": 145, ""too_recent_to_settle"": 68}",,,,,,,,,,,,650.0,650.0,10.0,
run_20260710T081558Z,prediction_pipeline,2026-07-10T08:15:58+00:00,2026-07-10T08:30:44+00:00,success,True,True,71,71,71,65,6,"{""feature_error:TA profile load failed for slug: DenisConstantinSpiridon"": 1, ""feature_error:TA profile load failed for slug: LucasSilva"": 1, ""feature_error:TA profile load failed for slug: ManasManojDhamne"": 1, ""feature_error:TA profile load failed for slug: MuhammadRifqiFitriadi"": 1, ""feature_error:TA profile load failed for slug: NicolasRobert"": 1, ""scheduled_start_passed"": 1}",71,65,6,71,13,58,0,,,26,13,150,16,6,"{""matched_and_settled"": 16, ""ta_empty"": 134, ""too_recent_to_settle"": 68}",,,,,,,,,,,,650.0,650.0,10.0,
run_20260710T112249Z,prediction_pipeline,2026-07-10T11:22:49+00:00,2026-07-10T11:32:40+00:00,success,True,True,45,45,45,41,4,"{""feature_error:TA profile load failed for slug: DenisConstantinSpiridon"": 1, ""feature_error:TA profile load failed for slug: LucasSilva"": 1, ""feature_error:TA profile load failed for slug: ManasManojDhamne"": 1, ""scheduled_start_passed"": 1}",45,41,4,45,0,45,0,,,18,10,150,0,0,"{""ta_empty"": 150, ""too_recent_to_settle"": 80}",,,,,,,,,,,,410.0,410.0,10.0,
run_20260710T113725Z,prediction_pipeline,2026-07-10T11:37:25+00:00,2026-07-10T11:47:49+00:00,success,True,True,41,41,41,37,4,"{""feature_error:TA profile load failed for slug: DenisConstantinSpiridon"": 1, ""feature_error:TA profile load failed for slug: LucasSilva"": 1, ""inside_pre_match_buffer_5m"": 2}",41,37,4,41,0,41,0,,,8,0,132,0,0,"{""recently_attempted"": 150, ""ta_empty"": 132, ""too_recent_to_settle"": 80}",,,,,,,,,,,,370.0,370.0,10.0,
run_20260710T134750Z,prediction_pipeline,2026-07-10T13:47:50+00:00,2026-07-10T14:01:55+00:00,success,True,True,35,35,35,29,6,"{""feature_error:TA profile load failed for slug: DenisConstantinSpiridon"": 1, ""feature_error:TA profile load failed for slug: LucasSilva"": 1, ""scheduled_start_passed"": 4}",35,29,6,35,1,34,0,,,11,5,150,0,0,"{""ta_empty"": 150, ""too_recent_to_settle"": 77}",,,,,,,,,,,,290.0,290.0,10.0,
run_20260710T150558Z,prediction_pipeline,2026-07-10T15:05:58+00:00,2026-07-10T15:18:59+00:00,success,True,True,26,26,26,23,3,"{""feature_error:TA profile load failed for slug: DenisConstantinSpiridon"": 1, ""inside_pre_match_buffer_5m"": 1, ""scheduled_start_passed"": 1}",26,23,3,26,2,24,0,,,8,4,135,0,0,"{""recently_attempted"": 150, ""ta_empty"": 135, ""too_recent_to_settle"": 77}",,,,,,,,,,,,230.0,230.0,10.0,
run_20260710T161148Z,prediction_pipeline,2026-07-10T16:11:48+00:00,2026-07-10T16:19:54+00:00,success,True,True,19,19,19,18,1,"{""scheduled_start_passed"": 1}",19,18,1,19,0,19,0,,,4,1,150,0,0,"{""recently_attempted"": 135, ""ta_empty"": 150, ""too_recent_to_settle"": 79}",,,,,,,,,,,,180.0,180.0,10.0,
run_20260710T171229Z,prediction_pipeline,2026-07-10T17:12:29+00:00,2026-07-10T17:23:12+00:00,success,True,True,11,11,11,9,2,"{""scheduled_start_passed"": 2}",11,9,2,11,0,11,0,,,6,4,142,0,0,"{""recently_attempted"": 150, ""ta_empty"": 142, ""too_recent_to_settle"": 72}",,,,,,,,,,,,90.0,90.0,10.0,
run_20260710T181510Z,prediction_pipeline,2026-07-10T18:15:10+00:00,2026-07-10T18:27:11+00:00,success,True,True,7,7,7,5,2,"{""inside_pre_match_buffer_5m"": 1, ""scheduled_start_passed"": 1}",7,5,2,7,1,6,0,,,4,2,150,1,1,"{""matched_and_settled"": 1, ""recently_attempted"": 142, ""ta_empty"": 149, ""too_recent_to_settle"": 67}",,,,,,,,,,,,50.0,50.0,10.0,
run_20260710T184958Z,prediction_pipeline,2026-07-10T18:49:58+00:00,2026-07-10T18:58:11+00:00,success,True,True,6,6,6,6,0,{},6,6,0,6,1,5,0,,,4,0,13,0,0,"{""recently_attempted"": 291, ""ta_empty"": 13, ""too_recent_to_settle"": 59}",,,,,,,,,,,,60.0,60.0,10.0,
run_20260710T200910Z,prediction_pipeline,2026-07-10T20:09:10+00:00,2026-07-10T20:26:19+00:00,success,True,True,6,6,6,5,1,"{""scheduled_start_passed"": 1}",6,5,1,6,5,1,0,,,4,0,142,28,2,"{""matched_and_settled"": 28, ""recently_attempted"": 107, ""ta_empty"": 114, ""too_recent_to_settle"": 20}",,,,,,,,,,,,50.0,50.0,10.0,
run_20260710T204630Z,prediction_pipeline,2026-07-10T20:46:30+00:00,2026-07-10T21:04:57+00:00,success,True,True,13,13,13,12,1,"{""feature_error:TA profile load failed for slug: NicolasRobert"": 1}",13,12,1,13,8,5,0,,,5,1,103,43,1,"{""matched_and_settled"": 43, ""recently_attempted"": 118, ""ta_empty"": 60, ""too_recent_to_settle"": 25}",,,,,,,,,,,,120.0,120.0,10.0,
run_20260710T214854Z,prediction_pipeline,2026-07-10T21:48:54+00:00,2026-07-10T22:00:52+00:00,success,True,True,12,12,12,10,2,"{""feature_error:TA profile load failed for slug: NicolasRobert"": 1, ""inside_pre_match_buffer_5m"": 1}",12,10,2,12,0,12,0,,,4,0,4,3,0,"{""matched_and_settled"": 3, ""recently_attempted"": 174, ""ta_empty"": 1, ""too_recent_to_settle"": 32}",,,,,,,,,,,,100.0,100.0,10.0,
run_20260710T222015Z,prediction_pipeline,2026-07-10T22:20:15+00:00,2026-07-10T22:31:37+00:00,success,True,True,11,11,11,10,1,"{""feature_error:TA profile load failed for slug: NicolasRobert"": 1}",11,10,1,11,0,11,0,,,4,0,115,28,4,"{""matched_and_settled"": 28, ""recently_attempted"": 61, ""ta_empty"": 87, ""too_recent_to_settle"": 31}",,,,,,,,,,,,100.0,100.0,10.0,
run_20260710T224457Z,prediction_pipeline,2026-07-10T22:44:57+00:00,2026-07-10T23:00:19+00:00,success,True,True,11,11,11,10,1,"{""feature_error:TA profile load failed for slug: NicolasRobert"": 1}",11,10,1,11,0,11,0,,,4,0,0,0,0,"{""too_recent_to_settle"": 31}",,,,,,,,,,,,100.0,100.0,10.0,
run_20260710T231820Z,prediction_pipeline,2026-07-10T23:18:20+00:00,2026-07-10T23:35:15+00:00,success,True,True,24,24,24,23,1,"{""feature_error:TA profile load failed for slug: NicolasRobert"": 1}",24,23,1,24,13,11,0,,,6,2,60,20,0,"{""matched_and_settled"": 20, ""recently_attempted"": 88, ""ta_empty"": 40, ""too_recent_to_settle"": 31}",,,,,,,,,,,,230.0,230.0,10.0,
run_20260710T234300Z,prediction_pipeline,2026-07-10T23:43:00+00:00,2026-07-10T23:53:10+00:00,success,True,True,31,31,31,29,2,"{""feature_error:TA profile load failed for slug: ManasManojDhamne"": 1, ""feature_error:TA profile load failed for slug: NicolasRobert"": 1}",31,29,2,31,7,24,0,,,6,0,3,3,1,"{""matched_and_settled"": 3, ""recently_attempted"": 128, ""too_recent_to_settle"": 41}",,,,,,,,,,,,290.0,290.0,10.0,
run_20260711T001326Z,prediction_pipeline,2026-07-11T00:13:26+00:00,2026-07-11T00:26:13+00:00,success,True,True,31,31,31,29,2,"{""feature_error:TA profile load failed for slug: ManasManojDhamne"": 1, ""feature_error:TA profile load failed for slug: NicolasRobert"": 1}",31,29,2,31,0,31,0,,,11,5,2,0,0,"{""recently_attempted"": 127, ""ta_empty"": 2, ""too_recent_to_settle"": 46}",,,,,,,,,,,,290.0,290.0,10.0,
run_20260711T010122Z,prediction_pipeline,2026-07-11T01:01:22+00:00,2026-07-11T01:04:22+00:00,failed,True,True,0,0,0,0,0,{},0,0,0,0,0,0,0,,,0,0,90,34,1,"{""matched_and_settled"": 34, ""recently_attempted"": 42, ""ta_empty"": 56, ""too_recent_to_settle"": 43}",,,,,,,,,,,,0.0,0.0,0.0,"It looks like you are using Playwright Sync API inside the asyncio loop.
Please use the Async API instead."
run_20260711T012711Z,prediction_pipeline,2026-07-11T01:27:11+00:00,2026-07-11T01:42:58+00:00,success,True,True,43,43,43,41,2,"{""feature_error:TA profile load failed for slug: ManasManojDhamne"": 1, ""feature_error:TA profile load failed for slug: NicolasRobert"": 1}",43,41,2,43,12,31,0,,,21,12,40,12,0,"{""matched_and_settled"": 12, ""recently_attempted"": 58, ""ta_empty"": 28, ""too_recent_to_settle"": 43}",,,,,,,,,,,,410.0,410.0,10.0,
run_20260711T025559Z,prediction_pipeline,2026-07-11T02:55:59+00:00,2026-07-11T03:07:09+00:00,success,True,True,47,47,47,46,1,"{""feature_error:TA profile load failed for slug: ManasManojDhamne"": 1}",47,46,1,47,5,42,0,,,21,4,7,1,0,"{""matched_and_settled"": 1, ""recently_attempted"": 84, ""ta_empty"": 6, ""too_recent_to_settle"": 50}",,,,,,,,,,,,460.0,460.0,10.0,
settle_20260711T030909Z,auto_settle,2026-07-11T03:09:09+00:00,2026-07-11T03:21:09+00:00,success,True,,0,0,0,0,0,{},0,0,0,0,0,0,0,,,0,0,93,23,4,"{""ambiguous_match"": 5, ""low_confidence_match"": 1, ""matched_and_settled"": 23, ""opponent_not_found"": 47, ""outside_window"": 10, ""ta_empty"": 6, ""ta_match_unfinished"": 1, ""too_recent_to_settle"": 53}",,,,,,,,,,,,,,,
run_20260711T035114Z,prediction_pipeline,2026-07-11T03:51:14+00:00,2026-07-11T03:54:29+00:00,failed,True,True,0,0,0,0,0,{},0,0,0,0,0,0,0,,,0,0,0,0,0,"{""too_recent_to_settle"": 53}",,,,,,,,,,,,0.0,0.0,0.0,"Page.wait_for_selector: Timeout 10000ms exceeded.
Call log:
  - waiting for locator("".grouped-events"") to be visible
"
run_20260711T045028Z,prediction_pipeline,2026-07-11T04:50:28+00:00,2026-07-11T05:02:56+00:00,success,True,True,51,51,51,50,1,"{""feature_error:TA profile load failed for slug: ManasManojDhamne"": 1}",51,50,1,51,5,46,0,,,10,2,4,2,2,"{""matched_and_settled"": 2, ""recently_attempted"": 70, ""ta_empty"": 2, ""too_recent_to_settle"": 49}",,,,,,,,,,,,500.0,500.0,10.0,
run_20260711T154114Z,prediction_pipeline,2026-07-11T15:41:14+00:00,2026-07-11T16:00:48+00:00,success,True,True,26,26,26,20,6,"{""feature_error:TA profile load failed for slug: JoelJosefSchwarzler"": 1, ""inside_pre_match_buffer_5m"": 5}",26,20,6,26,15,11,0,,,6,3,76,15,3,"{""matched_and_settled"": 15, ""ta_empty"": 61, ""too_recent_to_settle"": 50}",,,,,,,,,,,,200.0,200.0,10.0,
run_20260711T163827Z,prediction_pipeline,2026-07-11T16:38:27+00:00,2026-07-11T16:55:06+00:00,success,True,True,22,22,22,17,5,"{""feature_error:TA profile load failed for slug: JoelJosefSchwarzler"": 1, ""inside_pre_match_buffer_5m"": 2, ""scheduled_start_passed"": 2}",22,17,5,22,2,20,0,,,6,0,0,0,0,"{""too_recent_to_settle"": 60}",,,,,,,,,,,,170.0,170.0,10.0,
run_20260711T171924Z,prediction_pipeline,2026-07-11T17:19:24+00:00,2026-07-11T17:30:18+00:00,success,True,True,17,17,17,15,2,"{""feature_error:TA profile load failed for slug: JoelJosefSchwarzler"": 1, ""inside_pre_match_buffer_5m"": 1}",17,15,2,17,0,17,0,,,5,0,0,0,0,"{""too_recent_to_settle"": 62}",,,,,,,,,,,,150.0,150.0,10.0,
run_20260711T174319Z,prediction_pipeline,2026-07-11T17:43:19+00:00,2026-07-11T17:52:27+00:00,success,True,True,16,16,16,15,1,"{""feature_error:TA profile load failed for slug: JoelJosefSchwarzler"": 1}",16,15,1,16,0,16,0,,,5,0,2,2,1,"{""matched_and_settled"": 2, ""recently_attempted"": 61, ""too_recent_to_settle"": 60}",,,,,,,,,,,,150.0,150.0,10.0,
run_20260711T183954Z,prediction_pipeline,2026-07-11T18:39:54+00:00,2026-07-11T18:58:01+00:00,success,True,True,14,14,14,13,1,"{""feature_error:TA profile load failed for slug: JoelJosefSchwarzler"": 1}",14,13,1,14,0,14,0,,,4,0,66,3,0,"{""matched_and_settled"": 3, ""ta_empty"": 63, ""too_recent_to_settle"": 55}",,,,,,,,,,,,130.0,130.0,10.0,
run_20260711T200144Z,prediction_pipeline,2026-07-11T20:01:44+00:00,2026-07-11T20:30:28+00:00,success,True,True,14,14,14,12,2,"{""feature_error:TA profile load failed for slug: JoelJosefSchwarzler"": 1, ""scheduled_start_passed"": 1}",14,12,2,14,0,14,0,,,3,0,9,4,0,"{""matched_and_settled"": 4, ""recently_attempted"": 63, ""ta_empty"": 5, ""too_recent_to_settle"": 46}",,,,,,,,,,,,120.0,120.0,10.0,
run_20260713T224201Z,prediction_pipeline,2026-07-13T22:42:01+00:00,2026-07-13T22:54:44+00:00,odds_fetch_error,True,True,0,0,0,0,0,{},0,0,0,0,0,0,0,,,0,0,114,30,16,"{""matched_and_settled"": 30, ""ta_empty"": 84}",,,,,,,,,,,,0.0,0.0,0.0,
run_20260714T070036Z,prediction_pipeline,2026-07-14T07:00:36+00:00,,running,,,0,0,0,0,0,{},0,0,0,0,0,0,0,,,0,0,0,0,0,{},,,,,,,,,,,,0.0,0.0,0.0,
run_20260714T074400Z,prediction_pipeline,2026-07-14T07:44:00+00:00,2026-07-14T07:47:24+00:00,failed,True,True,0,0,0,0,0,{},0,0,0,0,0,0,0,,,0,0,55,0,0,"{""recently_attempted"": 6, ""ta_empty"": 55, ""too_recent_to_settle"": 106}",success,,not_started,0.0,,not_started,,610.4229375392893,2028.0347736603512,0.0,blocked_pending_exposure,0.0,0.0,0.0,durable state publication failed: could not convert string to float: ''; terminal publication failed: durable state publication failed: could not convert string to float: ''
run_20260714T080338Z,prediction_pipeline,2026-07-14T08:03:38+00:00,2026-07-14T08:32:04+00:00,partial,True,True,104,104,104,84,20,"{""feature_error:TA profile load failed for slug: CarelAubrielNgounoue"": 1, ""feature_error:TA profile load failed for slug: FilippoAlfano"": 1, ""feature_error:TA profile load failed for slug: MilledgeCossu"": 1, ""feature_error:TA profile load failed for slug: MurkelDellien"": 1, ""feature_error:TA profile load failed for slug: TimeoTrufelli"": 2, ""feature_schema_invalid:one_hot_cardinality:round:0"": 7, ""scheduled_start_passed"": 7}",104,84,20,104,1,103,0,,,0,0,0,0,0,"{""too_recent_to_settle"": 106}",success,,success,168.0,,success,,610.4229375392893,2028.0347736603512,0.0,blocked_pending_exposure,840.0,830.0,10.0,
run_20260714T092052Z,prediction_pipeline,2026-07-14T09:20:52+00:00,2026-07-14T09:43:01+00:00,partial,True,True,95,95,95,55,40,"{""feature_error:TA profile load failed for slug: BenjaminOconnell"": 1, ""feature_error:TA profile load failed for slug: CarelAubrielNgounoue"": 1, ""feature_error:TA profile load failed for slug: MurkelDellien"": 1, ""feature_error:TA profile load failed for slug: TimeoTrufelli"": 1, ""feature_schema_invalid:one_hot_cardinality:round:0"": 33, ""scheduled_start_passed"": 3}",95,55,40,95,6,89,0,,,0,0,2,0,0,"{""recently_attempted"": 59, ""ta_empty"": 2, ""too_recent_to_settle"": 121}",success,,success,20.0,,success,,610.4229375392893,2028.0347736603512,0.0,blocked_pending_exposure,550.0,550.0,10.0,
run_20260714T094649Z,prediction_pipeline,2026-07-14T09:46:49+00:00,2026-07-14T10:07:54+00:00,partial,True,True,105,105,105,76,29,"{""feature_error:TA profile load failed for slug: BenjaminOconnell"": 1, ""feature_error:TA profile load failed for slug: CarelAubrielNgounoue"": 1, ""feature_error:TA profile load failed for slug: MurkelDellien"": 1, ""feature_schema_invalid:one_hot_cardinality:round:0"": 14, ""inside_pre_match_buffer_5m"": 3, ""scheduled_start_passed"": 9}",105,76,29,105,17,88,0,,,0,0,2,0,0,"{""recently_attempted"": 59, ""ta_empty"": 2, ""too_recent_to_settle"": 137}",success,,success,23.0,,success,,610.4229375392893,2028.0347736603512,0.0,blocked_pending_exposure,760.0,760.0,10.0,
run_20260714T102447Z,prediction_pipeline,2026-07-14T10:24:47+00:00,2026-07-14T10:46:21+00:00,partial,True,True,110,110,110,46,64,"{""feature_error:TA profile load failed for slug: BenjaminOconnell"": 1, ""feature_error:TA profile load failed for slug: CarelAubrielNgounoue"": 1, ""feature_error:TA profile load failed for slug: MurkelDellien"": 1, ""feature_schema_invalid:one_hot_cardinality:round:0"": 51, ""inside_pre_match_buffer_5m"": 5, ""scheduled_start_passed"": 5}",110,46,64,110,8,102,0,,,0,0,2,0,0,"{""recently_attempted"": 59, ""ta_empty"": 2, ""too_recent_to_settle"": 168}",success,,success,10.0,,success,,610.4229375392893,2028.0347736603512,0.0,blocked_pending_exposure,460.0,460.0,10.0,
run_20260714T111521Z,prediction_pipeline,2026-07-14T11:15:21+00:00,2026-07-14T11:38:32+00:00,partial,True,True,106,106,106,78,28,"{""feature_error:TA profile load failed for slug: BenjaminOconnell"": 1, ""feature_error:TA profile load failed for slug: CarelAubrielNgounoue"": 1, ""feature_error:TA profile load failed for slug: MurkelDellien"": 1, ""feature_schema_invalid:one_hot_cardinality:round:0"": 14, ""inside_pre_match_buffer_5m"": 1, ""scheduled_start_passed"": 10}",106,78,28,106,1,105,0,,,0,0,2,0,0,"{""recently_attempted"": 59, ""ta_empty"": 2, ""too_recent_to_settle"": 171}",success,,success,7.0,,success,,610.4229375392893,2028.0347736603512,0.0,blocked_pending_exposure,780.0,780.0,10.0,
run_20260714T114253Z,prediction_pipeline,2026-07-14T11:42:53+00:00,2026-07-14T12:01:29+00:00,partial,True,True,20,20,20,16,4,"{""inside_pre_match_buffer_5m"": 4}",20,16,4,20,0,20,0,,,0,0,2,0,0,"{""recently_attempted"": 59, ""ta_empty"": 2, ""too_recent_to_settle"": 188}",success,,success,74.0,,success,,610.4229375392893,2028.0347736603512,0.0,blocked_pending_exposure,160.0,160.0,10.0,
run_20260714T120525Z,prediction_pipeline,2026-07-14T12:05:25+00:00,2026-07-14T12:22:19+00:00,partial,True,True,19,19,19,16,3,"{""inside_pre_match_buffer_5m"": 3}",19,16,3,19,0,19,0,,,0,0,2,0,0,"{""recently_attempted"": 59, ""ta_empty"": 2, ""too_recent_to_settle"": 188}",success,,success,34.0,,success,,610.4229375392893,2028.0347736603512,0.0,blocked_pending_exposure,160.0,160.0,10.0,
run_20260714T125531Z,prediction_pipeline,2026-07-14T12:55:31+00:00,2026-07-14T13:08:05+00:00,partial,True,True,21,21,21,21,0,{},21,21,0,21,1,20,0,,,0,0,1,0,0,"{""recently_attempted"": 60, ""ta_empty"": 1, ""too_recent_to_settle"": 189}",success,,success,21.0,,success,,610.4229375392893,2028.0347736603512,0.0,blocked_pending_exposure,210.0,210.0,10.0,
run_20260714T141808Z,prediction_pipeline,2026-07-14T14:18:08+00:00,2026-07-14T14:35:31+00:00,partial,True,True,47,47,47,41,6,"{""feature_schema_invalid:one_hot_cardinality:round:0"": 3, ""inside_pre_match_buffer_5m"": 3}",47,41,6,47,5,42,0,,,0,0,0,0,0,"{""too_recent_to_settle"": 190}",success,,success,26.0,,success,,610.4229375392893,2028.0347736603512,0.0,blocked_pending_exposure,410.0,410.0,10.0,
run_20260714T151423Z,prediction_pipeline,2026-07-14T15:14:23+00:00,2026-07-14T15:29:41+00:00,partial,True,True,66,66,66,36,30,"{""feature_error:TA profile load failed for slug: BenjaminOconnell"": 1, ""feature_schema_invalid:one_hot_cardinality:round:0"": 23, ""scheduled_start_passed"": 6}",66,36,30,66,0,66,0,,,0,0,2,0,0,"{""recently_attempted"": 59, ""ta_empty"": 2, ""too_recent_to_settle"": 206}",success,,success,3.0,,success,,610.4229375392893,2028.0347736603512,0.0,blocked_pending_exposure,360.0,360.0,10.0,
run_20260714T155343Z,prediction_pipeline,2026-07-14T15:53:43+00:00,2026-07-14T16:09:04+00:00,partial,True,True,19,19,19,6,13,"{""feature_schema_invalid:one_hot_cardinality:round:0"": 2, ""inside_pre_match_buffer_5m"": 8, ""scheduled_start_passed"": 3}",19,6,13,19,0,19,0,,,0,0,2,0,0,"{""recently_attempted"": 59, ""ta_empty"": 2, ""too_recent_to_settle"": 228}",success,,success,19.0,,success,,610.4229375392893,2028.0347736603512,0.0,blocked_pending_exposure,60.0,60.0,10.0,
run_20260714T165611Z,prediction_pipeline,2026-07-14T16:56:11+00:00,2026-07-14T17:09:25+00:00,partial,True,True,22,22,22,10,12,"{""feature_schema_invalid:one_hot_cardinality:round:0"": 6, ""inside_pre_match_buffer_5m"": 6}",22,10,12,22,8,14,0,,,0,0,2,0,0,"{""recently_attempted"": 59, ""ta_empty"": 2, ""too_recent_to_settle"": 228}",success,,success,15.0,,success,,610.4229375392893,2028.0347736603512,0.0,blocked_pending_exposure,100.0,100.0,10.0,
run_20260714T173804Z,prediction_pipeline,2026-07-14T17:38:04+00:00,2026-07-14T17:58:14+00:00,partial,True,True,57,57,57,39,18,"{""feature_error:TA profile load failed for slug: BenjaminOconnell"": 1, ""feature_schema_invalid:one_hot_cardinality:round:0"": 3, ""inside_pre_match_buffer_5m"": 3, ""scheduled_start_passed"": 11}",57,39,18,57,1,56,0,,,0,0,0,0,0,"{""too_recent_to_settle"": 233}",success,,success,35.0,,success,,610.4229375392893,2028.0347736603512,0.0,blocked_pending_exposure,390.0,390.0,10.0,
run_20260714T185129Z,prediction_pipeline,2026-07-14T18:51:29+00:00,2026-07-14T19:08:58+00:00,partial,True,True,22,22,22,16,6,"{""feature_schema_invalid:one_hot_cardinality:round:0"": 2, ""scheduled_start_passed"": 4}",22,16,6,22,0,22,0,,,0,0,2,0,0,"{""recently_attempted"": 59, ""ta_empty"": 2, ""too_recent_to_settle"": 253}",success,,success,15.0,,success,,610.4229375392893,2028.0347736603512,0.0,blocked_pending_exposure,160.0,160.0,10.0,
run_20260714T194806Z,prediction_pipeline,2026-07-14T19:48:06+00:00,2026-07-14T20:03:04+00:00,partial,True,True,20,20,20,4,16,"{""feature_schema_invalid:one_hot_cardinality:round:0"": 15, ""scheduled_start_passed"": 1}",20,4,16,20,0,20,0,,,0,0,0,0,0,"{""too_recent_to_settle"": 259}",success,,success,18.0,,success,,610.4229375392893,2028.0347736603512,0.0,blocked_pending_exposure,40.0,40.0,10.0,
run_20260714T201206Z,prediction_pipeline,2026-07-14T20:12:06+00:00,2026-07-14T20:31:11+00:00,partial,True,True,41,41,41,33,8,"{""feature_error:TA profile load failed for slug: BenjaminOconnell"": 1, ""feature_schema_invalid:one_hot_cardinality:round:0"": 7}",41,33,8,41,0,41,0,,,0,0,0,0,0,"{""too_recent_to_settle"": 261}",success,,success,5.0,,success,,610.4229375392893,2028.0347736603512,0.0,blocked_pending_exposure,330.0,330.0,10.0,
run_20260714T203604Z,prediction_pipeline,2026-07-14T20:36:04+00:00,2026-07-14T20:56:21+00:00,partial,True,True,22,22,22,10,12,"{""feature_schema_invalid:one_hot_cardinality:round:0"": 12}",22,10,12,22,17,0,0,5.0,5.0,0,0,0,0,0,"{""too_recent_to_settle"": 271}",success,,success,0.0,,success,,610.4229375392893,2028.0347736603512,0.0,blocked_pending_exposure,100.0,100.0,10.0,
run_20260714T210027Z,prediction_pipeline,2026-07-14T21:00:27+00:00,2026-07-14T21:27:27+00:00,partial,True,True,83,83,83,58,25,"{""feature_error:TA profile load failed for slug: BenjaminOconnell"": 1, ""feature_error:TA profile load failed for slug: CarlesCordoba"": 1, ""feature_error:TA profile load failed for slug: EdoardoCherieLigniere"": 1, ""feature_schema_invalid:one_hot_cardinality:round:0"": 21, ""inside_pre_match_buffer_5m"": 1}",83,58,25,83,31,17,0,1.0,35.0,0,0,0,0,0,"{""identity_terminal_uid"": 18}",success,,success,0.0,,success,,610.4229375392893,2028.0347736603512,0.0,blocked_pending_exposure,370.0,370.0,10.0,
run_20260714T213140Z,prediction_pipeline,2026-07-14T21:31:40+00:00,2026-07-14T22:00:27+00:00,partial,True,True,82,82,82,58,24,"{""feature_error:TA profile load failed for slug: BenjaminOconnell"": 1, ""feature_error:TA profile load failed for slug: CarlesCordoba"": 1, ""feature_error:TA profile load failed for slug: EdoardoCherieLigniere"": 1, ""feature_schema_invalid:one_hot_cardinality:round:0"": 21}",82,58,24,82,0,48,0,0.0,34.0,0,0,0,0,0,"{""identity_terminal_uid"": 167}",success,,success,2.0,,success,,610.4229375392893,2028.0347736603512,0.0,blocked_pending_exposure,370.0,370.0,10.0,
run_20260714T220443Z,prediction_pipeline,2026-07-14T22:04:43+00:00,2026-07-14T22:32:21+00:00,partial,True,True,103,103,103,77,26,"{""feature_error:TA profile load failed for slug: BenjaminOconnell"": 1, ""feature_error:TA profile load failed for slug: CarlesCordoba"": 1, ""feature_error:TA profile load failed for slug: EdoardoCherieLigniere"": 1, ""feature_schema_invalid:one_hot_cardinality:round:0"": 23}",103,77,26,103,21,48,0,0.0,34.0,0,0,0,0,0,"{""identity_terminal_uid"": 167}",success,,success,0.0,,success,,610.4229375392893,2028.0347736603512,0.0,blocked_pending_exposure,560.0,560.0,10.0,
run_20260714T223717Z,prediction_pipeline,2026-07-14T22:37:17+00:00,2026-07-14T23:03:51+00:00,partial,True,True,99,99,99,73,26,"{""feature_error:TA profile load failed for slug: BenjaminOconnell"": 1, ""feature_error:TA profile load failed for slug: CarlesCordoba"": 1, ""feature_error:TA profile load failed for slug: EdoardoCherieLigniere"": 1, ""feature_schema_invalid:one_hot_cardinality:round:0"": 21, ""inside_pre_match_buffer_5m"": 1, ""scheduled_start_passed"": 1}",99,73,26,99,0,68,0,0.0,31.0,0,0,0,0,0,"{""identity_terminal_uid"": 167}",success,,success,5.0,,success,,610.4229375392893,2028.0347736603512,0.0,blocked_pending_exposure,550.0,550.0,10.0,
run_20260714T230825Z,prediction_pipeline,2026-07-14T23:08:25+00:00,2026-07-14T23:35:49+00:00,partial,True,True,97,97,97,76,21,"{""feature_error:TA profile load failed for slug: BenjaminOconnell"": 1, ""feature_error:TA profile load failed for slug: CarlesCordoba"": 1, ""feature_error:TA profile load failed for slug: EdoardoCherieLigniere"": 1, ""feature_schema_invalid:one_hot_cardinality:round:0"": 18}",97,76,21,97,0,68,0,0.0,29.0,0,0,0,0,0,"{""identity_terminal_uid"": 169}",success,,success,0.0,,success,,610.4229375392893,2028.0347736603512,0.0,blocked_pending_exposure,550.0,550.0,10.0,
run_20260714T234020Z,prediction_pipeline,2026-07-14T23:40:20+00:00,,running,True,True,0,0,0,0,0,{},0,0,0,0,0,0,0,0.0,0.0,0,0,0,0,0,"{""identity_terminal_uid"": 169}",success,,not_started,0.0,,not_started,,610.4229375392893,2028.0347736603512,0.0,blocked_pending_exposure,0.0,0.0,0.0,
run_20260715T001215Z,prediction_pipeline,2026-07-15T00:12:15+00:00,2026-07-15T00:45:54+00:00,partial,True,True,115,115,115,104,11,"{""feature_error:TA profile load failed for slug: BenjaminOconnell"": 1, ""feature_error:TA profile load failed for slug: CarlesCordoba"": 1, ""feature_error:TA profile load failed for slug: EdoardoCherieLigniere"": 1, ""feature_schema_invalid:one_hot_cardinality:round:0"": 8}",115,104,11,115,28,58,0,6.0,29.0,0,0,0,0,0,"{""identity_terminal_uid"": 169}",success,,success,0.0,,success,,610.4229375392893,2028.0347736603512,0.0,blocked_pending_exposure,790.0,790.0,10.0,
run_20260715T023420Z,prediction_pipeline,2026-07-15T02:34:20+00:00,2026-07-15T03:18:40+00:00,partial,True,True,161,161,161,146,15,"{""feature_error:TA profile load failed for slug: ArinRPallegar"": 1, ""feature_error:TA profile load failed for slug: BenjaminOconnell"": 1, ""feature_error:TA profile load failed for slug: CarlesCordoba"": 1, ""feature_error:TA profile load failed for slug: EdoardoCherieLigniere"": 1, ""feature_error:TA profile load failed for slug: FrazierRengifo"": 1, ""feature_error:TA profile load failed for slug: HugoCar"": 1, ""feature_error:TA profile load failed for slug: IsacStromberg"": 1, ""feature_error:TA profile load failed for slug: JeraldCarroll"": 1, ""feature_error:TA profile load failed for slug: MuhammadRifqiFitriadi"": 1, ""feature_schema_invalid:one_hot_cardinality:round:0"": 5, ""scheduled_start_passed"": 1}",161,146,15,146,45,75,0,2.0,26.0,28,28,59,4,1,"{""identity_terminal_uid"": 187, ""matched_and_settled"": 4, ""recently_attempted"": 4, ""ta_empty"": 55, ""too_recent_to_settle"": 232}",success,,success,23.0,,success,,558.982368800863,275.1421065790544,283.84026222180864,open,1200.0,1200.0,10.0,
run_20260715T052017Z,prediction_pipeline,2026-07-15T05:20:17+00:00,2026-07-15T05:49:06+00:00,partial,True,True,169,169,169,137,32,"{""feature_error:TA profile load failed for slug: ArinRPallegar"": 1, ""feature_error:TA profile load failed for slug: BenjaminOconnell"": 1, ""feature_error:TA profile load failed for slug: CarlesCordoba"": 1, ""feature_error:TA profile load failed for slug: EdoardoCherieLigniere"": 1, ""feature_error:TA profile load failed for slug: FrazierRengifo"": 1, ""feature_error:TA profile load failed for slug: IsacStromberg"": 1, ""feature_error:TA profile load failed for slug: JcRoddick"": 1, ""feature_error:TA profile load failed for slug: JeraldCarroll"": 1, ""feature_error:TA profile load failed for slug: MuhammadRifqiFitriadi"": 1, ""feature_schema_invalid:one_hot_cardinality:round:0"": 21, ""scheduled_start_passed"": 2}",169,137,32,137,18,103,0,0.0,16.0,23,0,0,0,0,"{""identity_terminal_uid"": 193}",success,,success,9.0,,success,,558.982368800863,275.1421065790544,283.84026222180864,open,1210.0,1210.0,10.0,
run_20260715T060027Z,prediction_pipeline,2026-07-15T06:00:27+00:00,2026-07-15T06:38:48+00:00,partial,True,True,181,181,181,162,19,"{""feature_error:TA profile load failed for slug: ArinRPallegar"": 1, ""feature_error:TA profile load failed for slug: BenjaminOconnell"": 1, ""feature_error:TA profile load failed for slug: EdoardoCherieLigniere"": 1, ""feature_error:TA profile load failed for slug: FrazierRengifo"": 1, ""feature_error:TA profile load failed for slug: HugoCar"": 1, ""feature_error:TA profile load failed for slug: IsacStromberg"": 1, ""feature_error:TA profile load failed for slug: JcRoddick"": 1, ""feature_error:TA profile load failed for slug: JeraldCarroll"": 1, ""feature_error:TA profile load failed for slug: MuhammadRifqiFitriadi"": 1, ""feature_schema_invalid:one_hot_cardinality:round:0"": 5, ""scheduled_start_passed"": 5}",181,162,19,162,6,132,0,0.0,24.0,28,1,60,49,14,"{""identity_terminal_uid"": 193, ""matched_and_settled"": 49, ""recently_attempted"": 58, ""ta_empty"": 11, ""too_recent_to_settle"": 235}",success,,success,2.0,,success,,585.9576088333134,211.98354801268684,373.9740608206266,open,1380.0,1380.0,10.0,
run_20260715T073533Z,prediction_pipeline,2026-07-15T07:35:33+00:00,2026-07-15T08:14:29+00:00,partial,True,True,165,165,165,152,13,"{""feature_error:TA profile load failed for slug: ArinRPallegar"": 1, ""feature_error:TA profile load failed for slug: BenjaminOconnell"": 1, ""feature_error:TA profile load failed for slug: FrazierRengifo"": 1, ""feature_error:TA profile load failed for slug: HugoCar"": 1, ""feature_error:TA profile load failed for slug: IsacStromberg"": 1, ""feature_error:TA profile load failed for slug: JcRoddick"": 1, ""feature_error:TA profile load failed for slug: JeraldCarroll"": 1, ""feature_error:TA profile load failed for slug: MuhammadRifqiFitriadi"": 1, ""feature_schema_invalid:one_hot_cardinality:round:0"": 2, ""scheduled_start_passed"": 3}",165,152,13,152,10,119,0,2.0,23.0,26,1,10,8,1,"{""identity_terminal_uid"": 193, ""matched_and_settled"": 8, ""recently_attempted"": 80, ""ta_empty"": 2, ""too_recent_to_settle"": 220}",success,,success,0.0,,success,,580.9819387351013,212.5840744302842,368.39786430481706,open,1290.0,1290.0,10.0,
run_20260715T083837Z,prediction_pipeline,2026-07-15T08:38:37+00:00,2026-07-15T09:09:35+00:00,failed,True,True,139,139,139,116,23,"{""feature_error:TA profile load failed for slug: FrazierRengifo"": 1, ""feature_error:TA profile load failed for slug: IsacStromberg"": 1, ""feature_error:TA profile load failed for slug: JeraldCarroll"": 1, ""feature_error:TA profile load failed for slug: MuhammadRifqiFitriadi"": 1, ""feature_schema_invalid:one_hot_cardinality:round:0"": 3, ""inside_pre_match_buffer_5m"": 8, ""scheduled_start_passed"": 8}",139,116,23,116,0,96,0,0.0,20.0,22,1,7,2,1,"{""bet_attribution_repaired"": 69, ""identity_terminal_uid"": 195, ""matched_and_settled"": 2, ""recently_attempted"": 91, ""ta_empty"": 5, ""too_recent_to_settle"": 214}",success,,success,10.0,,success,,590.4357119217043,215.7594829540328,374.6762289676715,open,960.0,960.0,10.0,"durable state publication failed: deadlock detected
DETAIL:  Process 777080 waits for AccessExclusiveLock on relation 18922 of database 5; blocked by process 777125.
Process 777125 waits for AccessShareLock on relation 18330 of database 5; blocked by process 777080.
HINT:  See server log for query details."
run_20260715T092510Z,prediction_pipeline,2026-07-15T09:25:10+00:00,2026-07-15T10:08:06+00:00,partial,True,True,143,143,143,108,35,"{""feature_error:TA profile load failed for slug: FrazierRengifo"": 1, ""feature_error:TA profile load failed for slug: JcRoddick"": 1, ""feature_error:TA profile load failed for slug: JeraldCarroll"": 1, ""feature_error:TA profile load failed for slug: MuhammadRifqiFitriadi"": 1, ""feature_schema_invalid:one_hot_cardinality:round:0"": 7, ""inside_pre_match_buffer_5m"": 1, ""scheduled_start_passed"": 23}",143,108,35,108,10,80,0,0.0,18.0,18,3,7,0,0,"{""identity_terminal_uid"": 195, ""recently_attempted"": 101, ""ta_empty"": 7, ""too_recent_to_settle"": 202}",success,,success,5.0,,success,,590.4357119217043,232.42825422983853,358.00745769186574,open,900.0,900.0,10.0,
settle_20260715T101328Z,auto_settle,2026-07-15T10:13:28+00:00,2026-07-15T10:17:06+00:00,success,True,,0,0,0,0,0,{},0,0,0,0,0,0,0,0.0,0.0,0,0,20,19,16,"{""identity_terminal_uid"": 195, ""matched_and_settled"": 19, ""ta_match_unfinished"": 1, ""too_recent_to_settle"": 193}",,,,,,,,,,,,,,,
run_20260715T113727Z,prediction_pipeline,2026-07-15T11:37:27+00:00,2026-07-15T12:18:13+00:00,partial,True,True,85,85,85,69,16,"{""feature_error:TA profile load failed for slug: FrazierRengifo"": 1, ""feature_error:TA profile load failed for slug: JcRoddick"": 1, ""feature_error:TA profile load failed for slug: JeraldCarroll"": 1, ""feature_error:TA profile load failed for slug: MuhammadRifqiFitriadi"": 1, ""scheduled_start_passed"": 12}",85,69,16,69,1,60,0,0.0,8.0,10,0,19,2,0,"{""identity_terminal_uid"": 196, ""matched_and_settled"": 2, ""recently_attempted"": 101, ""ta_empty"": 17, ""too_recent_to_settle"": 180}",success,,success,19.0,,success,,570.4417547209587,147.04037479014332,423.4013799308153,open,610.0,610.0,10.0,
run_20260715T150502Z,prediction_pipeline,2026-07-15T15:05:02+00:00,2026-07-15T15:35:35+00:00,partial,True,True,24,24,24,21,3,"{""inside_pre_match_buffer_5m"": 3}",24,21,3,21,5,14,0,0.0,2.0,5,2,11,5,0,"{""identity_terminal_uid"": 196, ""matched_and_settled"": 5, ""recently_attempted"": 119, ""ta_empty"": 6, ""too_recent_to_settle"": 169}",success,,success,63.0,,success,,570.4417547209587,183.3788302744681,387.06292444649057,open,190.0,190.0,10.0,
run_20260715T164823Z,prediction_pipeline,2026-07-15T16:48:23+00:00,2026-07-15T16:52:53+00:00,failed,True,True,0,0,0,0,0,{},0,0,0,0,0,0,0,0.0,0.0,0,0,4,3,1,"{""identity_terminal_uid"": 196, ""matched_and_settled"": 3, ""recently_attempted"": 121, ""ta_empty"": 1, ""too_recent_to_settle"": 174}",success,,not_started,0.0,,not_started,,565.4660846227465,178.4031601762559,387.06292444649057,open,0.0,0.0,0.0,"durable state publication failed: conflicting immutable bet stake for dash_bets:bet_id:bet_20260715_153101_2: ['18.83615912812673', '18.836159128126734']; terminal publication failed: durable state publication failed: conflicting immutable bet stake for dash_bets:bet_id:bet_20260715_153101_2: ['18.83615912812673', '18.836159128126734']"
run_20260715T193502Z,prediction_pipeline,2026-07-15T19:35:02+00:00,2026-07-15T19:55:47+00:00,failed,True,True,19,19,19,15,4,"{""feature_schema_invalid:one_hot_cardinality:round:0"": 3, ""scheduled_start_passed"": 1}",19,15,4,0,0,0,0,0.0,0.0,0,0,3,2,0,"{""identity_terminal_uid"": 196, ""matched_and_settled"": 2, ""recently_attempted"": 122, ""ta_empty"": 1, ""too_recent_to_settle"": 171}",success,,not_started,0.0,,not_started,,565.4660846227464,178.4031601762559,387.06292444649046,open,0.0,0.0,0.0,"prediction identity contract failed: match_uid does not match canonical player/date/event/round/surface identity: expected match_3d9385a1b63192ab0560, received match_5969734f4b95e452f84c"
run_20260715T202215Z,prediction_pipeline,2026-07-15T20:22:15+00:00,2026-07-15T20:39:52+00:00,failed,True,True,19,19,19,15,4,"{""feature_schema_invalid:one_hot_cardinality:round:0"": 4}",19,15,4,0,0,0,0,0.0,0.0,0,0,4,1,0,"{""identity_terminal_uid"": 196, ""matched_and_settled"": 1, ""recently_attempted"": 119, ""ta_empty"": 3, ""too_recent_to_settle"": 172}",success,,not_started,0.0,,not_started,,565.4660846227464,178.4031601762559,387.06292444649046,open,0.0,0.0,0.0,"prediction identity contract failed: match_uid does not match canonical player/date/event/round/surface identity: expected match_3d9385a1b63192ab0560, received match_5969734f4b95e452f84c"
run_20260715T204408Z,prediction_pipeline,2026-07-15T20:44:08+00:00,2026-07-15T21:10:26+00:00,partial,True,True,19,19,19,18,1,"{""scheduled_start_passed"": 1}",19,18,1,18,4,11,0,0.0,3.0,4,4,57,4,0,"{""identity_terminal_uid"": 198, ""matched_and_settled"": 4, ""recently_attempted"": 66, ""ta_empty"": 53, ""too_recent_to_settle"": 170}",success,,success,56.0,,success,,565.4660846227464,228.492071839563,336.9740127831834,open,150.0,150.0,10.0,
run_20260715T221618Z,prediction_pipeline,2026-07-15T22:16:18+00:00,2026-07-15T22:39:09+00:00,partial,True,True,21,21,21,14,7,"{""feature_error:TA profile load failed for slug: LorenzoAngelini"": 1, ""feature_schema_invalid:one_hot_cardinality:round:0"": 6}",21,14,7,14,7,6,0,0.0,1.0,7,5,6,4,1,"{""identity_terminal_uid"": 202, ""matched_and_settled"": 4, ""recently_attempted"": 116, ""ta_empty"": 2, ""too_recent_to_settle"": 169}",success,,success,22.0,,success,,549.0968400151875,286.44235002446766,262.6544899907198,open,130.0,130.0,10.0,
run_20260715T231631Z,prediction_pipeline,2026-07-15T23:16:31+00:00,2026-07-15T23:35:24+00:00,partial,True,True,22,22,22,13,9,"{""feature_error:TA profile load failed for slug: LorenzoAngelini"": 1, ""feature_schema_invalid:one_hot_cardinality:round:0"": 7, ""scheduled_start_passed"": 1}",22,13,9,13,1,11,0,0.0,1.0,7,0,0,0,0,"{""identity_terminal_uid"": 202}",success,,success,43.0,,success,,549.0968400151874,286.44235002446766,262.6544899907197,open,120.0,120.0,10.0,
run_20260716T001357Z,prediction_pipeline,2026-07-16T00:13:57+00:00,2026-07-16T00:46:48+00:00,partial,True,True,47,47,47,44,3,"{""feature_error:TA profile load failed for slug: BenjaminOconnell"": 1, ""feature_error:TA profile load failed for slug: LorenzoAngelini"": 1, ""feature_schema_invalid:one_hot_cardinality:round:0"": 1}",47,44,3,44,24,17,0,0.0,3.0,11,4,15,8,0,"{""identity_terminal_uid"": 202, ""matched_and_settled"": 8, ""recently_attempted"": 106, ""ta_empty"": 7, ""too_recent_to_settle"": 174}",success,,success,5.0,,success,,549.0968400151874,329.74888728028475,219.3479527349026,open,410.0,410.0,10.0,
run_20260716T024146Z,prediction_pipeline,2026-07-16T02:41:46+00:00,2026-07-16T03:19:43+00:00,partial,True,True,109,109,109,103,6,"{""feature_error:TA profile load failed for slug: IsacStromberg"": 1, ""feature_error:TA profile load failed for slug: LorenzoAngelini"": 1, ""feature_error:TA profile load failed for slug: MuhammadRifqiFitriadi"": 1, ""feature_schema_invalid:one_hot_cardinality:round:0"": 2, ""scheduled_start_passed"": 1}",109,103,6,103,62,38,0,0.0,3.0,16,6,47,44,3,"{""identity_terminal_uid"": 202, ""matched_and_settled"": 44, ""recently_attempted"": 105, ""ta_empty"": 3, ""too_recent_to_settle"": 159}",success,,success,20.0,,success,,541.9077462146221,353.25389358521085,188.65385262941123,open,1000.0,1000.0,10.0,
run_20260716T034106Z,prediction_pipeline,2026-07-16T03:41:06+00:00,2026-07-16T04:17:24+00:00,partial,True,True,114,114,114,106,8,"{""feature_error:TA profile load failed for slug: IsacStromberg"": 1, ""feature_error:TA profile load failed for slug: LorenzoAngelini"": 1, ""feature_error:TA profile load failed for slug: MuhammadRifqiFitriadi"": 1, ""feature_schema_invalid:one_hot_cardinality:round:0"": 5}",114,106,8,106,6,98,0,0.0,2.0,15,0,7,2,0,"{""identity_terminal_uid"": 202, ""matched_and_settled"": 2, ""recently_attempted"": 116, ""ta_empty"": 5, ""too_recent_to_settle"": 206}",success,,success,4.0,,success,,541.9077462146221,353.25389358521085,188.65385262941123,open,1040.0,1040.0,10.0,
run_20260716T042247Z,prediction_pipeline,2026-07-16T04:22:47+00:00,2026-07-16T05:01:21+00:00,partial,True,True,112,112,112,103,9,"{""feature_error:TA profile load failed for slug: IsacStromberg"": 1, ""feature_error:TA profile load failed for slug: LorenzoAngelini"": 1, ""feature_error:TA profile load failed for slug: MuhammadRifqiFitriadi"": 1, ""feature_schema_invalid:one_hot_cardinality:round:0"": 6}",112,103,9,103,6,94,0,0,3,21,8,22,17,3,"{""identity_terminal_uid"": 202, ""matched_and_settled"": 17, ""recently_attempted"": 122, ""ta_empty"": 5, ""too_recent_to_settle"": 189}",success,,success,0,,success,,541.036199781423,391.5326135779114,149.5035862035116,open,1000,1000,10,
