skip_event_id,logged_at,run_id,run_started_at,stage,skip_reason_code,skip_reason_detail,match_uid,feature_snapshot_id,prediction_uid,match_date,match_start_time,match_start_dt_local,odds_scraped_at,tournament,event_title,surface,level,round,resolver_source,p1,p2,defaulted_features
skip_4bba545e7cb0dd37eee2,2026-07-08T03:57:47+00:00,run_20260708T034903Z,2026-07-08T03:49:03+00:00,feature_extraction,feature_error,feature_error:P1 rank is None (not ranked / not found on TA) for slug: DiegoDedura,match_0f703a70b986a7f810e1,feat_09373dfdec3aa7b3449d,,2026-07-08,7/8/26 9:00 AM,2026-07-08T09:00:00,2026-07-08 03:55:02,Braunschweig,Challenger - Braunschweig (4),Hard,C,,fallback_heuristic,diego dedura,dalibor svrcina,
skip_d98da1e947f491e90760,2026-07-08T03:57:59+00:00,run_20260708T034903Z,2026-07-08T03:49:03+00:00,feature_extraction,feature_error,feature_error:TA profile load failed for slug: ManasManojDhamne,match_a5899f01cb536e798246,feat_05a76d05abaf6717e750,,2026-07-08,7/8/26 11:20 AM,2026-07-08T11:20:00,2026-07-08 03:55:07,Liege,Challenger - Liege (4),Hard,C,,fallback_heuristic,sandro kopp,manas manoj dhamne,
skip_d6d1a5c1eda7e9adbd7b,2026-07-08T07:12:12+00:00,run_20260708T064329Z,2026-07-08T06:43:29+00:00,feature_extraction,scheduled_start_passed,scheduled_start_passed,match_6b9505a0619e76cc7f9b,feat_c408c6a8fa0ffe606a9a,,2026-07-07,7/8/26 12:01 AM,2026-07-08T00:01:00,2026-07-08 06:46:38,ITF Men Wuning,ITF Men's - ITF Men Wuning (2),Hard,15,,fallback_heuristic,jangjun kim,hoyoung roh,
skip_7eaac7705661b76d52e8,2026-07-08T07:28:14+00:00,run_20260708T071952Z,2026-07-08T07:19:52+00:00,feature_extraction,inside_pre_match_buffer_5m,inside_pre_match_buffer_5m,match_f86a038ab802da813718,feat_cd3dd9b0198b447a8fd9,,2026-07-08,7/8/26 12:30 AM,2026-07-08T00:30:00,2026-07-08 07:21:35,ITF Men Bastia-Lucciana,ITF Men's - ITF Men Bastia-Lucciana (11),Hard,15,,fallback_heuristic,benjamin pietri,pablo pradat,
skip_35f8e1937b55d99bf8e4,2026-07-08T07:28:14+00:00,run_20260708T071952Z,2026-07-08T07:19:52+00:00,feature_extraction,inside_pre_match_buffer_5m,inside_pre_match_buffer_5m,match_43408dd13b2ee064e8ba,feat_1472bc10ff95442e4c42,,2026-07-08,7/8/26 12:30 AM,2026-07-08T00:30:00,2026-07-08 07:21:36,ITF Men Bastia-Lucciana,ITF Men's - ITF Men Bastia-Lucciana (11),Hard,15,,fallback_heuristic,valentin lapalu,axel garcian,
skip_2ed32e0c9841291b7740,2026-07-08T07:28:14+00:00,run_20260708T071952Z,2026-07-08T07:19:52+00:00,feature_extraction,inside_pre_match_buffer_5m,inside_pre_match_buffer_5m,match_8cfc53594d697787f75c,feat_00e8f38649a02be7d75e,,2026-07-08,7/8/26 12:30 AM,2026-07-08T00:30:00,2026-07-08 07:21:36,ITF Men Bastia-Lucciana,ITF Men's - ITF Men Bastia-Lucciana (11),Hard,15,,fallback_heuristic,yanis ghazouani durand,tanguy genier,
skip_eff67f9a7a103f5fae39,2026-07-08T07:32:05+00:00,run_20260708T071952Z,2026-07-08T07:19:52+00:00,feature_extraction,scheduled_start_passed,scheduled_start_passed,match_d21063bf31ff70dca22b,feat_5da636925bdcfd7bc676,,2026-07-08,7/8/26 12:30 AM,2026-07-08T00:30:00,2026-07-08 07:21:49,ITF Men Hillcrest,ITF Men's - ITF Men Hillcrest (8),Hard,15,,resolved,filip peliwo,chirag duhan,
skip_974eeee9ba40f1dfb1ee,2026-07-08T07:32:05+00:00,run_20260708T071952Z,2026-07-08T07:19:52+00:00,feature_extraction,scheduled_start_passed,scheduled_start_passed,match_bcde0ef7d3cabc175fac,feat_4eee816a4bfcc9d6d756,,2026-07-08,7/8/26 12:30 AM,2026-07-08T00:30:00,2026-07-08 07:21:49,ITF Men Hillcrest,ITF Men's - ITF Men Hillcrest (8),Hard,15,,resolved,james hart,james beaven,
skip_e1a3da23c3bff5a70ffa,2026-07-08T07:32:05+00:00,run_20260708T071952Z,2026-07-08T07:19:52+00:00,feature_extraction,scheduled_start_passed,scheduled_start_passed,match_33f8c301f238b25d61ce,feat_1ff846c33f832cc01d20,,2026-07-08,7/8/26 12:30 AM,2026-07-08T00:30:00,2026-07-08 07:21:50,ITF Men Hillcrest,ITF Men's - ITF Men Hillcrest (8),Hard,15,,resolved,ofek shimanov,stefan vujic,
skip_42ba41da6bdf775e4455,2026-07-08T09:49:58+00:00,run_20260708T094211Z,2026-07-08T09:42:11+00:00,feature_extraction,feature_error,feature_error:TA profile load failed for slug: ManasManojDhamne,match_dfcc6fdebba7d42a08f1,feat_5fa8261f5358e7c81eb5,,2026-07-08,7/8/26 12:00 PM,2026-07-08T12:00:00,2026-07-08 09:47:30,Liege,Challenger - Liege (3),Hard,C,,fallback_heuristic,sandro kopp,manas manoj dhamne,
skip_c8233aaa7eeb3ec19f9d,2026-07-08T12:05:25+00:00,run_20260708T120034Z,2026-07-08T12:00:34+00:00,feature_extraction,inside_pre_match_buffer_5m,inside_pre_match_buffer_5m,match_98e1a13ce4505d863f4a,feat_fdfa1786af3bb54b77eb,,2026-07-08,7/8/26 12:10 PM,2026-07-08T12:10:00,2026-07-08 12:04:07,Iasi,Challenger - Iasi (4),Hard,C,,fallback_heuristic,jerome kym,sascha gueymard wayenburg,
skip_dc9787d5afe89d2b1ada,2026-07-08T12:05:25+00:00,run_20260708T120034Z,2026-07-08T12:00:34+00:00,feature_extraction,scheduled_start_passed,scheduled_start_passed,match_de9210e0b17badc22f1e,feat_2375154f08e2abf80994,,2026-07-08,7/8/26 12:00 PM,2026-07-08T12:00:00,2026-07-08 12:04:07,Iasi,Challenger - Iasi (4),Hard,C,,fallback_heuristic,taro daniel,zdenek kolar,
skip_7529e0b3980ab568688b,2026-07-08T12:05:25+00:00,run_20260708T120034Z,2026-07-08T12:00:34+00:00,feature_extraction,scheduled_start_passed,scheduled_start_passed,match_18269fc39c6e7b92275f,feat_e96aae0ba89f480bd051,,2026-07-08,7/8/26 10:15 AM,2026-07-08T10:15:00,2026-07-08 12:04:09,Iasi,Challenger - Iasi (4),Hard,C,,fallback_heuristic,matthias uwe kask,ludovico vaccari,
skip_a98b6f06c2a8790424cd,2026-07-08T12:05:25+00:00,run_20260708T120034Z,2026-07-08T12:00:34+00:00,feature_extraction,scheduled_start_passed,scheduled_start_passed,match_be14f36da226f55e35fe,feat_b3aed72d8f074524f652,,2026-07-08,7/8/26 12:00 PM,2026-07-08T12:00:00,2026-07-08 12:04:10,Iasi,Challenger - Iasi (4),Hard,C,,fallback_heuristic,pavlos tsitsipas,aren baybars,
skip_47c8e4b56a4f517c2e3b,2026-07-08T12:05:27+00:00,run_20260708T120034Z,2026-07-08T12:00:34+00:00,feature_extraction,inside_pre_match_buffer_5m,inside_pre_match_buffer_5m,match_9165079093f1eb3200f2,feat_67b7a54cb372068ddc9d,,2026-07-08,7/8/26 12:10 PM,2026-07-08T12:10:00,2026-07-08 12:04:39,Iasi,Challenger - Iasi (4),Hard,C,,fallback_heuristic,pedro martinez,maks kasnikowski,
skip_4df39bc2bea4adde3138,2026-07-08T12:05:37+00:00,run_20260708T120034Z,2026-07-08T12:00:34+00:00,feature_extraction,inside_pre_match_buffer_5m,inside_pre_match_buffer_5m,match_f2cb33add9b8ab1dc2bf,feat_d7c96c5ee21c1f24b9aa,,2026-07-08,7/8/26 12:10 PM,2026-07-08T12:10:00,2026-07-08 12:04:44,Trieste,Challenger - Trieste (2),Hard,C,,fallback_heuristic,lukas neumayer,guido ivan justo,
skip_6c33523104b83ecca667,2026-07-08T12:05:41+00:00,run_20260708T120034Z,2026-07-08T12:00:34+00:00,feature_extraction,inside_pre_match_buffer_5m,inside_pre_match_buffer_5m,match_580ad67ca7c8f2a669bb,feat_e63485d2dcf082916de1,,2026-07-08,7/8/26 12:10 PM,2026-07-08T12:10:00,2026-07-08 12:04:45,Nottingham,Challenger - Nottingham (1),Hard,C,,fallback_heuristic,patrick brady,alastair gray,
skip_f3e2d4f43a71f7b07c73,2026-07-09T00:47:51+00:00,run_20260709T004018Z,2026-07-09T00:40:18+00:00,feature_extraction,scheduled_start_passed,scheduled_start_passed,match_30a11895002f27b9eaf5,feat_1f045b0610a360dcf6c1,,2026-07-09,7/8/26 1:35 PM,2026-07-08T13:35:00,2026-07-09 00:46:01,Men's Singles,Wimbledon - Men's Singles (4),Grass,G,,fallback_heuristic,taylor fritz,alexander zverev,
skip_98f6d426e2ce747dcb9b,2026-07-09T00:47:51+00:00,run_20260709T004018Z,2026-07-09T00:40:18+00:00,feature_extraction,scheduled_start_passed,scheduled_start_passed,match_abfd28646a18ba3a25dc,feat_ec590898632698bdd884,,2026-07-09,7/8/26 2:00 PM,2026-07-08T14:00:00,2026-07-09 00:46:02,Men's Singles,Wimbledon - Men's Singles (4),Grass,G,,fallback_heuristic,flavio cobolli,arthur fery,
skip_69d8acb9127b8fd7e010,2026-07-09T09:26:57+00:00,run_20260709T085012Z,2026-07-09T08:50:12+00:00,feature_extraction,feature_error,feature_error:TA profile load failed for slug: StefanKozlov,match_6bc881f5c824e3e83507,feat_036433cc22b1112c5457,,2026-07-09,7/9/26 3:00 PM,2026-07-09T15:00:00,2026-07-09 08:53:19,Newport,Challenger - Newport (2),Hard,C,,fallback_heuristic,stefan kozlov,yibing wu,
skip_2b99f1bd2b77499a039c,2026-07-09T10:25:55+00:00,run_20260709T101721Z,2026-07-09T10:17:21+00:00,feature_extraction,inside_pre_match_buffer_5m,inside_pre_match_buffer_5m,match_91bf398db2448842a0f7,feat_357f2a2b2a959d697775,,2026-07-09,7/9/26 10:30 AM,2026-07-09T10:30:00,2026-07-09 10:23:11,Iasi,Challenger - Iasi (3),Hard,C,,fallback_heuristic,taro daniel,zdenek kolar,
skip_1d9ba7226b2921820ec6,2026-07-09T13:45:06+00:00,run_20260709T134043Z,2026-07-09T13:40:43+00:00,feature_extraction,scheduled_start_passed,scheduled_start_passed,match_42110b3e69152877f79a,feat_dd6b1d07d52b45dbd3a8,,2026-07-09,7/9/26 1:45 PM,2026-07-09T13:45:00,2026-07-09 13:44:44,Liege,Challenger - Liege (3),Hard,C,,fallback_heuristic,kimmer coppejans,daniel michalski,
skip_15eacbba9a187cc57298,2026-07-09T15:44:35+00:00,run_20260709T154016Z,2026-07-09T15:40:16+00:00,feature_extraction,inside_pre_match_buffer_5m,inside_pre_match_buffer_5m,match_0375a40cc2acab43ae96,feat_07d877047dd3fcf36fd4,,2026-07-09,7/9/26 3:45 PM,2026-07-09T15:45:00,2026-07-09 15:44:10,Braunschweig,Challenger - Braunschweig (1),Hard,C,,fallback_heuristic,marvin moeller,adolfo daniel vallejo,
skip_432f404a35f71fc97d0f,2026-07-09T23:44:49+00:00,run_20260709T234034Z,2026-07-09T23:40:34+00:00,feature_extraction,feature_error,feature_error:TA profile load failed for slug: ManasManojDhamne,match_2e23a814d30bc5f2f4b1,feat_9f62a34ae6bedb8cc4ed,,2026-07-09,7/10/26 11:10 AM,2026-07-10T11:10:00,2026-07-09 23:42:59,Liege,Challenger - Liege (2),Hard,C,,fallback_heuristic,manas manoj dhamne,miguel damas,
skip_021597672e899ffa31ff,2026-07-10T00:09:58+00:00,run_20260710T000425Z,2026-07-10T00:04:25+00:00,feature_extraction,feature_error,feature_error:TA profile load failed for slug: ManasManojDhamne,match_d6c0d91fde2f95f90a69,feat_bceb2563bdb4cfdae725,,2026-07-10,7/10/26 11:10 AM,2026-07-10T11:10:00,2026-07-10 00:08:50,Liege,Challenger - Liege (2),Clay,C,,store_surface,manas manoj dhamne,miguel damas,
skip_afdb909cf9cfd0f72c0e,2026-07-10T00:21:26+00:00,run_20260710T001603Z,2026-07-10T00:16:03+00:00,feature_extraction,feature_error,feature_error:TA profile load failed for slug: ManasManojDhamne,match_7f640558036ad3781533,feat_0702d66e7906e1ae042a,,2026-07-10,7/10/26 11:10 AM,2026-07-10T11:10:00,2026-07-10 00:18:23,Liege,Challenger - Liege (3),Clay,C,,store_surface,manas manoj dhamne,miguel damas,
skip_88c0a1e15f3706cdc273,2026-07-10T00:21:50+00:00,run_20260710T001603Z,2026-07-10T00:16:03+00:00,feature_extraction,feature_error,feature_error:TA profile load failed for slug: YukiMochizuki,match_4ede099f39c299be0202,feat_ecfb99775768fb9f4d3a,,2026-07-10,7/10/26 2:00 AM,2026-07-10T02:00:00,2026-07-10 00:18:26,ITF Men Tokyo,ITF Men's - ITF Men Tokyo (4),Hard,15,,store_surface,yuki mochizuki,omar jasika,
skip_80d651a25aba2e655388,2026-07-10T00:22:33+00:00,run_20260710T001603Z,2026-07-10T00:16:03+00:00,feature_extraction,feature_error,feature_error:TA profile load failed for slug: ArenBaybars,match_a24e03f8d697b62711ae,feat_04d83ba02ba348a234e3,,2026-07-10,7/10/26 8:00 AM,2026-07-10T08:00:00,2026-07-10 00:18:31,ITF Men Roda de Bara,ITF Men's - ITF Men Roda de Bara (1),Hard,15,,store_surface,aren baybars,yanki erel,
skip_a5f0c78d6f7ca33a3efe,2026-07-10T01:47:20+00:00,run_20260710T013750Z,2026-07-10T01:37:50+00:00,feature_extraction,feature_error,feature_error:TA profile load failed for slug: ManasManojDhamne,match_7f640558036ad3781533,feat_06bc301a5aeecd73b364,,2026-07-10,7/10/26 11:10 AM,2026-07-10T11:10:00,2026-07-10 01:43:59,Liege,Challenger - Liege (3),Clay,C,,store_surface,manas manoj dhamne,miguel damas,
skip_196e7594d32ea06749c7,2026-07-10T01:47:43+00:00,run_20260710T013750Z,2026-07-10T01:37:50+00:00,feature_extraction,feature_error,feature_error:TA profile load failed for slug: YukiMochizuki,match_4ede099f39c299be0202,feat_4282c706859e64692c00,,2026-07-10,7/10/26 2:00 AM,2026-07-10T02:00:00,2026-07-10 01:44:02,ITF Men Tokyo,ITF Men's - ITF Men Tokyo (4),Hard,15,,store_surface,yuki mochizuki,omar jasika,
skip_bc7764d71426fb067137,2026-07-10T01:48:50+00:00,run_20260710T013750Z,2026-07-10T01:37:50+00:00,feature_extraction,feature_error,feature_error:TA profile load failed for slug: ArenBaybars,match_ccfab1f3427c85bdecdb,feat_06447db76c0f4ed62620,,2026-07-10,7/10/26 8:00 AM,2026-07-10T08:00:00,2026-07-10 01:44:13,ITF Men Roda de Bara,ITF Men's - ITF Men Roda de Bara (2),Hard,15,,store_surface,aren baybars,yanki erel,
skip_46960dc8c1654b1496b2,2026-07-10T01:51:52+00:00,run_20260710T013750Z,2026-07-10T01:37:50+00:00,feature_extraction,feature_error,feature_error:TA profile load failed for slug: NicolasRobert,match_afcd3b6589db69796642,feat_be58fcbd22b6b39cca09,,2026-07-10,7/10/26 9:30 AM,2026-07-10T09:30:00,2026-07-10 01:44:17,ITF Men Monastir,ITF Men's - ITF Men Monastir (4),Hard,15,,store_surface,jonas eriksson ziverts,nicolas robert,
skip_bb34994c0056ee3d710f,2026-07-10T01:51:54+00:00,run_20260710T013750Z,2026-07-10T01:37:50+00:00,feature_extraction,feature_error,feature_error:TA profile load failed for slug: MuhammadRifqiFitriadi,match_c0754e5c167351ba65b7,feat_f729783ab20844639ebf,,2026-07-10,7/10/26 9:00 AM,2026-07-10T09:00:00,2026-07-10 01:44:19,ITF Men Wuning,ITF Men's - ITF Men Wuning (4),Hard,15,,store_surface,arvid nordquist,muhammad rifqi fitriadi,
skip_536e1521e52586e9e0e5,2026-07-10T04:24:05+00:00,run_20260710T041910Z,2026-07-10T04:19:10+00:00,feature_extraction,scheduled_start_passed,scheduled_start_passed,match_6b39c970cbaf680d7bf4,feat_7eab69c10053ee5cc58c,,2026-07-10,7/10/26 3:36 AM,2026-07-10T03:36:00,2026-07-10 04:23:01,ITF Men Tokyo,ITF Men's - ITF Men Tokyo (1),Hard,15,,store_surface,koki matsuda,makoto ochi,
skip_5b37ec164fe1157b7d2f,2026-07-10T04:29:14+00:00,run_20260710T041910Z,2026-07-10T04:19:10+00:00,feature_extraction,feature_error,feature_error:TA profile load failed for slug: ManasManojDhamne,match_11a145b78c2cf0b50d01,feat_1c722328546aad8f6d7c,,2026-07-10,7/10/26 11:10 AM,2026-07-10T11:10:00,2026-07-10 04:23:10,Liege,Challenger - Liege (4),Hard,C,,fallback_heuristic,manas manoj dhamne,miguel damas,
skip_c1a9198ff5e569423bc8,2026-07-10T04:29:22+00:00,run_20260710T041910Z,2026-07-10T04:19:10+00:00,feature_extraction,feature_error,feature_error:TA profile load failed for slug: LucasSilva,match_b54e07b15d9abc99989d,feat_32dfa0a9fa080a98341b,,2026-07-10,7/10/26 3:00 PM,2026-07-10T15:00:00,2026-07-10 04:23:15,Bogota,Challenger - Bogota (3),Clay,C,,store_surface,lucas silva,matias soto,
skip_a63972cd437420f8b18e,2026-07-10T04:30:01+00:00,run_20260710T041910Z,2026-07-10T04:19:10+00:00,feature_extraction,feature_error,feature_error:TA profile load failed for slug: ArenBaybars,match_ccfab1f3427c85bdecdb,feat_e45028bb1e167b30dedb,,2026-07-10,7/10/26 8:00 AM,2026-07-10T08:00:00,2026-07-10 04:23:27,ITF Men Roda de Bara,ITF Men's - ITF Men Roda de Bara (2),Hard,15,,store_surface,aren baybars,yanki erel,
skip_f134de0a8d0751f47c0a,2026-07-10T04:30:38+00:00,run_20260710T041910Z,2026-07-10T04:19:10+00:00,feature_extraction,feature_error,feature_error:TA profile load failed for slug: NicolasRobert,match_afcd3b6589db69796642,feat_152754c9a0103b336557,,2026-07-10,7/10/26 9:30 AM,2026-07-10T09:30:00,2026-07-10 04:23:32,ITF Men Monastir,ITF Men's - ITF Men Monastir (4),Hard,15,,store_surface,jonas eriksson ziverts,nicolas robert,
skip_08edbabe352afde33053,2026-07-10T04:30:39+00:00,run_20260710T041910Z,2026-07-10T04:19:10+00:00,feature_extraction,feature_error,feature_error:TA profile load failed for slug: MuhammadRifqiFitriadi,match_c0754e5c167351ba65b7,feat_549fd38e5da44c263935,,2026-07-10,7/10/26 9:00 AM,2026-07-10T09:00:00,2026-07-10 04:23:33,ITF Men Wuning,ITF Men's - ITF Men Wuning (4),Hard,15,,store_surface,arvid nordquist,muhammad rifqi fitriadi,
skip_79a7b0b0283d93cdf508,2026-07-10T04:31:44+00:00,run_20260710T041910Z,2026-07-10T04:19:10+00:00,feature_extraction,feature_error,feature_error:TA profile load failed for slug: DenisConstantinSpiridon,match_d4d9d576b21c9c9e7f25,feat_6d0da642c2c75473b1aa,,2026-07-10,7/10/26 3:30 PM,2026-07-10T15:30:00,2026-07-10 04:23:42,ITF Men Bastia-Lucciana,ITF Men's - ITF Men Bastia-Lucciana (3),Hard,15,,fallback_heuristic,yanis ghazouani durand,denis constantin spiridon,
skip_2d33555cf73387006480,2026-07-10T04:48:05+00:00,run_20260710T044225Z,2026-07-10T04:42:25+00:00,feature_extraction,feature_error,feature_error:TA profile load failed for slug: ManasManojDhamne,match_b406512b5a42c9713627,feat_3ea61391aa463eb9209a,,2026-07-10,7/10/26 11:10 AM,2026-07-10T11:10:00,2026-07-10 04:45:04,Liege,Challenger - Liege (4),Clay,C,,store_surface,manas manoj dhamne,miguel damas,
skip_be25143d010eb6030c55,2026-07-10T04:48:07+00:00,run_20260710T044225Z,2026-07-10T04:42:25+00:00,feature_extraction,feature_error,feature_error:TA profile load failed for slug: LucasSilva,match_b54e07b15d9abc99989d,feat_d0fdc4094bb9f59ea9d9,,2026-07-10,7/10/26 3:00 PM,2026-07-10T15:00:00,2026-07-10 04:45:10,Bogota,Challenger - Bogota (3),Clay,C,,store_surface,lucas silva,matias soto,
skip_3f568f36bfaf8fd72913,2026-07-10T04:48:19+00:00,run_20260710T044225Z,2026-07-10T04:42:25+00:00,feature_extraction,feature_error,feature_error:TA profile load failed for slug: DenisConstantinSpiridon,match_4faf16d4e3ce81c3dec1,feat_ef7834a1e510bcd4edfd,,2026-07-10,7/10/26 3:30 PM,2026-07-10T15:30:00,2026-07-10 04:45:12,ITF Men Bastia-Lucciana,ITF Men's - ITF Men Bastia-Lucciana (4),Hard,15,,fallback_heuristic,yanis ghazouani durand,denis constantin spiridon,
skip_4a13aa31e424eda086a4,2026-07-10T04:51:21+00:00,run_20260710T044225Z,2026-07-10T04:42:25+00:00,feature_extraction,feature_error,feature_error:TA profile load failed for slug: ArenBaybars,match_ccfab1f3427c85bdecdb,feat_1c1963ad73c70a1bd122,,2026-07-10,7/10/26 8:00 AM,2026-07-10T08:00:00,2026-07-10 04:45:23,ITF Men Roda de Bara,ITF Men's - ITF Men Roda de Bara (2),Hard,15,,store_surface,aren baybars,yanki erel,
skip_4775f763667baacf6b90,2026-07-10T04:51:56+00:00,run_20260710T044225Z,2026-07-10T04:42:25+00:00,feature_extraction,feature_error,feature_error:TA profile load failed for slug: NicolasRobert,match_afcd3b6589db69796642,feat_403961c1e43c53864500,,2026-07-10,7/10/26 9:30 AM,2026-07-10T09:30:00,2026-07-10 04:45:29,ITF Men Monastir,ITF Men's - ITF Men Monastir (4),Hard,15,,store_surface,jonas eriksson ziverts,nicolas robert,
skip_c864f42eb6b7f7f64751,2026-07-10T04:51:57+00:00,run_20260710T044225Z,2026-07-10T04:42:25+00:00,feature_extraction,feature_error,feature_error:TA profile load failed for slug: MuhammadRifqiFitriadi,match_c0754e5c167351ba65b7,feat_3d90cf8e3c01a8a9b734,,2026-07-10,7/10/26 9:00 AM,2026-07-10T09:00:00,2026-07-10 04:45:30,ITF Men Wuning,ITF Men's - ITF Men Wuning (4),Hard,15,,store_surface,arvid nordquist,muhammad rifqi fitriadi,
skip_0f05f46109539c54b202,2026-07-10T08:23:00+00:00,run_20260710T081558Z,2026-07-10T08:15:58+00:00,feature_extraction,feature_error,feature_error:TA profile load failed for slug: ManasManojDhamne,match_b406512b5a42c9713627,feat_b9b9f0141db9a2fa7199,,2026-07-10,7/10/26 11:10 AM,2026-07-10T11:10:00,2026-07-10 08:20:25,Liege,Challenger - Liege (4),Clay,C,,store_surface,manas manoj dhamne,miguel damas,
skip_ee0cec4230aef39027c5,2026-07-10T08:23:06+00:00,run_20260710T081558Z,2026-07-10T08:15:58+00:00,feature_extraction,feature_error,feature_error:TA profile load failed for slug: LucasSilva,match_7b1eb9381126ea01a86b,feat_6ff80a72bd2639c3fd59,,2026-07-10,7/10/26 3:00 PM,2026-07-10T15:00:00,2026-07-10 08:20:31,Bogota,Challenger - Bogota (4),Clay,C,,store_surface,lucas silva,matias soto,
skip_d3311a14788ff50c770e,2026-07-10T08:23:43+00:00,run_20260710T081558Z,2026-07-10T08:15:58+00:00,feature_extraction,feature_error,feature_error:TA profile load failed for slug: NicolasRobert,match_afcd3b6589db69796642,feat_a64a59fda3fbc69b6611,,2026-07-10,7/10/26 9:30 AM,2026-07-10T09:30:00,2026-07-10 08:20:36,ITF Men Monastir,ITF Men's - ITF Men Monastir (4),Hard,15,,store_surface,jonas eriksson ziverts,nicolas robert,
skip_a6408140599c170b4709,2026-07-10T08:23:56+00:00,run_20260710T081558Z,2026-07-10T08:15:58+00:00,feature_extraction,feature_error,feature_error:TA profile load failed for slug: MuhammadRifqiFitriadi,match_c0754e5c167351ba65b7,feat_08f0f4b5e014c6a7aa83,,2026-07-10,7/10/26 9:00 AM,2026-07-10T09:00:00,2026-07-10 08:20:39,ITF Men Wuning,ITF Men's - ITF Men Wuning (4),Hard,15,,store_surface,arvid nordquist,muhammad rifqi fitriadi,
skip_9f61e0c87ce173e8e831,2026-07-10T08:26:37+00:00,run_20260710T081558Z,2026-07-10T08:15:58+00:00,feature_extraction,scheduled_start_passed,scheduled_start_passed,match_519fe0e6be2d267001ef,feat_f39bba6c9e8f5369ddcc,,2026-07-10,7/10/26 8:10 AM,2026-07-10T08:10:00,2026-07-10 08:20:41,ITF Men Bucharest,ITF Men's - ITF Men Bucharest (1),Clay,15,,store_surface,filippo mazzola,matei florin breazu,
skip_e3efbf96218acc2c5614,2026-07-10T08:27:33+00:00,run_20260710T081558Z,2026-07-10T08:15:58+00:00,feature_extraction,feature_error,feature_error:TA profile load failed for slug: DenisConstantinSpiridon,match_4faf16d4e3ce81c3dec1,feat_53e5ead17d5222861005,,2026-07-10,7/10/26 3:30 PM,2026-07-10T15:30:00,2026-07-10 08:20:52,ITF Men Bastia-Lucciana,ITF Men's - ITF Men Bastia-Lucciana (4),Hard,15,,fallback_heuristic,yanis ghazouani durand,denis constantin spiridon,
skip_ae3a27b88aea7f573ef7,2026-07-10T11:29:25+00:00,run_20260710T112249Z,2026-07-10T11:22:49+00:00,feature_extraction,feature_error,feature_error:TA profile load failed for slug: ManasManojDhamne,match_b406512b5a42c9713627,feat_aef1c7dd31352883d3d5,,2026-07-10,7/10/26 11:40 AM,2026-07-10T11:40:00,2026-07-10 11:26:26,Liege,Challenger - Liege (4),Clay,C,,store_surface,manas manoj dhamne,miguel damas,
skip_2d96d44040229dc0ad1b,2026-07-10T11:29:33+00:00,run_20260710T112249Z,2026-07-10T11:22:49+00:00,feature_extraction,feature_error,feature_error:TA profile load failed for slug: LucasSilva,match_7b1eb9381126ea01a86b,feat_e97b90e051b428b57bca,,2026-07-10,7/10/26 3:00 PM,2026-07-10T15:00:00,2026-07-10 11:26:36,Bogota,Challenger - Bogota (4),Clay,C,,store_surface,lucas silva,matias soto,
skip_329bb489b0b6e3dc4484,2026-07-10T11:29:34+00:00,run_20260710T112249Z,2026-07-10T11:22:49+00:00,feature_extraction,scheduled_start_passed,scheduled_start_passed,match_9d033aee365016bf03c8,feat_69094dd2e3e71c59242f,,2026-07-10,7/10/26 11:29 AM,2026-07-10T11:29:00,2026-07-10 11:26:37,ITF Men Wuning,ITF Men's - ITF Men Wuning (1),Hard,15,,store_surface,hanyi liu,hoyoung roh,
skip_e2ba3a96458c9c4b9d51,2026-07-10T11:30:15+00:00,run_20260710T112249Z,2026-07-10T11:22:49+00:00,feature_extraction,feature_error,feature_error:TA profile load failed for slug: DenisConstantinSpiridon,match_4faf16d4e3ce81c3dec1,feat_a6820adcf8f39b632fe5,,2026-07-10,7/10/26 3:30 PM,2026-07-10T15:30:00,2026-07-10 11:26:45,ITF Men Bastia-Lucciana,ITF Men's - ITF Men Bastia-Lucciana (4),Hard,15,,fallback_heuristic,yanis ghazouani durand,denis constantin spiridon,
skip_d4130a2d22fd4811a6cc,2026-07-10T11:42:18+00:00,run_20260710T113725Z,2026-07-10T11:37:25+00:00,feature_extraction,inside_pre_match_buffer_5m,inside_pre_match_buffer_5m,match_3be78098bc884e6329d3,feat_ceb0baf3436b812c4451,,2026-07-10,7/10/26 11:45 AM,2026-07-10T11:45:00,2026-07-10 11:41:43,Nottingham,Challenger - Nottingham (1),Grass,C,,store_surface,max basing,felix gill,
skip_a39a16fdcb8c53ed4154,2026-07-10T11:44:19+00:00,run_20260710T113725Z,2026-07-10T11:37:25+00:00,feature_extraction,feature_error,feature_error:TA profile load failed for slug: LucasSilva,match_7b1eb9381126ea01a86b,feat_95c50c85ab516662387e,,2026-07-10,7/10/26 3:00 PM,2026-07-10T15:00:00,2026-07-10 11:41:52,Bogota,Challenger - Bogota (4),Clay,C,,store_surface,lucas silva,matias soto,
skip_fef8b07e05a050986ad5,2026-07-10T11:44:41+00:00,run_20260710T113725Z,2026-07-10T11:37:25+00:00,feature_extraction,inside_pre_match_buffer_5m,inside_pre_match_buffer_5m,match_9d033aee365016bf03c8,feat_368cb04f15c178367ac8,,2026-07-10,7/10/26 11:46 AM,2026-07-10T11:46:00,2026-07-10 11:41:54,ITF Men Wuning,ITF Men's - ITF Men Wuning (1),Hard,15,,store_surface,hanyi liu,hoyoung roh,
skip_38ba2e5d890a6b0501c8,2026-07-10T11:45:16+00:00,run_20260710T113725Z,2026-07-10T11:37:25+00:00,feature_extraction,feature_error,feature_error:TA profile load failed for slug: DenisConstantinSpiridon,match_4faf16d4e3ce81c3dec1,feat_b99e3566c5200e04005c,,2026-07-10,7/10/26 3:30 PM,2026-07-10T15:30:00,2026-07-10 11:42:02,ITF Men Bastia-Lucciana,ITF Men's - ITF Men Bastia-Lucciana (4),Hard,15,,fallback_heuristic,yanis ghazouani durand,denis constantin spiridon,
skip_cd06a4482ed1e57a609f,2026-07-10T13:55:30+00:00,run_20260710T134750Z,2026-07-10T13:47:50+00:00,feature_extraction,scheduled_start_passed,scheduled_start_passed,match_53617b435dc5a5c00ef0,feat_6456031b982fc10dc3c4,,2026-07-10,7/10/26 12:40 PM,2026-07-10T12:40:00,2026-07-10 13:55:01,Men's Singles,Wimbledon - Men's Singles (2),Grass,G,,fallback_heuristic,arthur fery,alexander zverev,
skip_f922b83b73e704300193,2026-07-10T13:58:36+00:00,run_20260710T134750Z,2026-07-10T13:47:50+00:00,feature_extraction,feature_error,feature_error:TA profile load failed for slug: LucasSilva,match_7b1eb9381126ea01a86b,feat_b67f7a845bc4927a659d,,2026-07-10,7/10/26 3:00 PM,2026-07-10T15:00:00,2026-07-10 13:55:06,Bogota,Challenger - Bogota (4),Clay,C,,store_surface,lucas silva,matias soto,
skip_e139d2341bc3cecc807a,2026-07-10T13:59:31+00:00,run_20260710T134750Z,2026-07-10T13:47:50+00:00,feature_extraction,scheduled_start_passed,scheduled_start_passed,match_f515f15ac179beda4bce,feat_3fa6ec2f303ede61b917,,2026-07-10,7/10/26 1:30 PM,2026-07-10T13:30:00,2026-07-10 13:55:13,ITF Men San Salvador de Jujuy,ITF Men's - ITF Men San Salvador de Jujuy (4),Clay,15,,store_surface,enzo kohlmann de freitas,thiago cigarran,
skip_151c4ed611f3f482b558,2026-07-10T13:59:31+00:00,run_20260710T134750Z,2026-07-10T13:47:50+00:00,feature_extraction,scheduled_start_passed,scheduled_start_passed,match_6cbb84d46cf9ad7fd7c4,feat_0eb9e9ad984cb787a456,,2026-07-10,7/10/26 1:30 PM,2026-07-10T13:30:00,2026-07-10 13:55:14,ITF Men San Salvador de Jujuy,ITF Men's - ITF Men San Salvador de Jujuy (4),Clay,15,,store_surface,joaquin aguilar cardozo,bastian malla,
skip_eac3248b2aec19a3922b,2026-07-10T13:59:31+00:00,run_20260710T134750Z,2026-07-10T13:47:50+00:00,feature_extraction,scheduled_start_passed,scheduled_start_passed,match_042192ce41e25790a8db,feat_83344e475272cdd21ff0,,2026-07-10,7/10/26 1:30 PM,2026-07-10T13:30:00,2026-07-10 13:55:14,ITF Men San Salvador de Jujuy,ITF Men's - ITF Men San Salvador de Jujuy (4),Clay,15,,store_surface,lorenzo gagliardo,carlos maria zarate,
skip_4548740e4e5e3e999801,2026-07-10T13:59:48+00:00,run_20260710T134750Z,2026-07-10T13:47:50+00:00,feature_extraction,feature_error,feature_error:TA profile load failed for slug: DenisConstantinSpiridon,match_4faf16d4e3ce81c3dec1,feat_43c5665dae603044d4d1,,2026-07-10,7/10/26 3:30 PM,2026-07-10T15:30:00,2026-07-10 13:55:18,ITF Men Bastia-Lucciana,ITF Men's - ITF Men Bastia-Lucciana (4),Hard,15,,fallback_heuristic,yanis ghazouani durand,denis constantin spiridon,
skip_2dea78e63488f3d609e7,2026-07-10T15:14:18+00:00,run_20260710T150558Z,2026-07-10T15:05:58+00:00,feature_extraction,scheduled_start_passed,scheduled_start_passed,match_a7b431e5777f67523a4a,feat_ddc185728aa16b6bae00,,2026-07-10,7/10/26 3:13 PM,2026-07-10T15:13:00,2026-07-10 15:12:06,ITF Men San Salvador de Jujuy,ITF Men's - ITF Men San Salvador de Jujuy (1),Clay,15,,store_surface,juan estevez,felipe de dios,
skip_4f2a946edba3ae761404,2026-07-10T15:14:18+00:00,run_20260710T150558Z,2026-07-10T15:05:58+00:00,feature_extraction,inside_pre_match_buffer_5m,inside_pre_match_buffer_5m,match_73382408990d61b1c8ff,feat_4e9e1a066030b9d13bd7,,2026-07-10,7/10/26 3:17 PM,2026-07-10T15:17:00,2026-07-10 15:12:06,ITF Men Kassel,ITF Men's - ITF Men Kassel (1),Clay,15,,store_surface,ioannis xilas,matthew william donald,
skip_88ac712620d014c72693,2026-07-10T15:16:43+00:00,run_20260710T150558Z,2026-07-10T15:05:58+00:00,feature_extraction,feature_error,feature_error:TA profile load failed for slug: DenisConstantinSpiridon,match_4faf16d4e3ce81c3dec1,feat_8f5b73b12a9df72638df,,2026-07-10,7/10/26 3:30 PM,2026-07-10T15:30:00,2026-07-10 15:12:08,ITF Men Bastia-Lucciana,ITF Men's - ITF Men Bastia-Lucciana (4),Hard,15,,fallback_heuristic,yanis ghazouani durand,denis constantin spiridon,
skip_fd0db58689b02e91cb76,2026-07-10T16:18:14+00:00,run_20260710T161148Z,2026-07-10T16:11:48+00:00,feature_extraction,scheduled_start_passed,scheduled_start_passed,match_73382408990d61b1c8ff,feat_6a385014bea4bc1d17f2,,2026-07-10,7/10/26 4:18 PM,2026-07-10T16:18:00,2026-07-10 16:15:49,ITF Men Kassel,ITF Men's - ITF Men Kassel (1),Clay,15,,store_surface,ioannis xilas,matthew william donald,
skip_c4d97cb6305befa19a0f,2026-07-10T17:21:55+00:00,run_20260710T171229Z,2026-07-10T17:12:29+00:00,feature_extraction,scheduled_start_passed,scheduled_start_passed,match_cb9cc96770c9277c50f5,feat_1e5ca64eab0408ccd0d0,,2026-07-10,7/10/26 5:19 PM,2026-07-10T17:19:00,2026-07-10 17:16:20,ITF Men Laval,ITF Men's - ITF Men Laval (2),Hard,15,,store_surface,liam draxl,keegan rice,
skip_4133303c7ab77fb07401,2026-07-10T17:22:06+00:00,run_20260710T171229Z,2026-07-10T17:12:29+00:00,feature_extraction,scheduled_start_passed,scheduled_start_passed,match_ae05308fedc5c343597e,feat_cee9512fd7541dfb9bc5,,2026-07-10,7/10/26 5:22 PM,2026-07-10T17:22:00,2026-07-10 17:16:20,ITF Men Bastia-Lucciana,ITF Men's - ITF Men Bastia-Lucciana (1),Hard,15,,fallback_heuristic,florent bax,nicolas jadoun,
skip_0bb7646fbab4b34c2d11,2026-07-10T18:25:17+00:00,run_20260710T181510Z,2026-07-10T18:15:10+00:00,feature_extraction,scheduled_start_passed,scheduled_start_passed,match_f249936f92b0f01d29e5,feat_1f1b8223a1a82268130c,,2026-07-10,7/10/26 6:23 PM,2026-07-10T18:23:00,2026-07-10 18:22:04,ITF Men Rancho Santa Fe,ITF Men's - ITF Men Rancho Santa Fe (2),Hard,15,,store_surface,reece falck,emon van loben sels,
skip_d7a30871d456517eb7aa,2026-07-10T18:25:17+00:00,run_20260710T181510Z,2026-07-10T18:15:10+00:00,feature_extraction,inside_pre_match_buffer_5m,inside_pre_match_buffer_5m,match_77b5377590d2f5c43a80,feat_b60d2b4d92755589070b,,2026-07-10,7/10/26 6:26 PM,2026-07-10T18:26:00,2026-07-10 18:22:04,ITF Men Rancho Santa Fe,ITF Men's - ITF Men Rancho Santa Fe (2),Hard,15,,store_surface,spencer johnson,ronald hohmann,
skip_9d671f0fb6f812dedbcd,2026-07-10T20:23:09+00:00,run_20260710T200910Z,2026-07-10T20:09:10+00:00,feature_extraction,scheduled_start_passed,scheduled_start_passed,match_2dd2f1165c6f737f653d,feat_872093714cdc46a4726f,,2026-07-10,7/10/26 8:18 PM,2026-07-10T20:18:00,2026-07-10 20:16:49,ITF Men Rancho Santa Fe,ITF Men's - ITF Men Rancho Santa Fe (1),Hard,15,,store_surface,spencer johnson,ronald hohmann,
skip_d0b5ef09d44ae18b26ef,2026-07-10T21:01:54+00:00,run_20260710T204630Z,2026-07-10T20:46:30+00:00,feature_extraction,feature_error,feature_error:TA profile load failed for slug: NicolasRobert,match_bb2243c197b55d94e261,feat_6c8637fb3de1d78c1285,,2026-07-10,7/11/26 8:30 AM,2026-07-11T08:30:00,2026-07-10 20:54:43,ITF Men Monastir,ITF Men's - ITF Men Monastir (2),Hard,15,,store_surface,aziz dougaz,nicolas robert,
skip_62b395235302ec229b69,2026-07-10T21:57:46+00:00,run_20260710T214854Z,2026-07-10T21:48:54+00:00,feature_extraction,inside_pre_match_buffer_5m,inside_pre_match_buffer_5m,match_5f56fdeffed1c041662c,feat_bd1f15b22a23bc9f5a98,,2026-07-10,7/10/26 10:00 PM,2026-07-10T22:00:00,2026-07-10 21:52:29,ITF Men Laval,ITF Men's - ITF Men Laval (1),Hard,15,,store_surface,karl poling,kenta miyoshi,
skip_bbc14ef0cc299104caed,2026-07-10T21:58:23+00:00,run_20260710T214854Z,2026-07-10T21:48:54+00:00,feature_extraction,feature_error,feature_error:TA profile load failed for slug: NicolasRobert,match_bb2243c197b55d94e261,feat_ee20f0f192e467a45766,,2026-07-10,7/11/26 8:30 AM,2026-07-11T08:30:00,2026-07-10 21:52:33,ITF Men Monastir,ITF Men's - ITF Men Monastir (2),Hard,15,,store_surface,aziz dougaz,nicolas robert,
skip_9df2bcf526df2a7c8f2b,2026-07-10T22:30:31+00:00,run_20260710T222015Z,2026-07-10T22:20:15+00:00,feature_extraction,feature_error,feature_error:TA profile load failed for slug: NicolasRobert,match_bb2243c197b55d94e261,feat_a7a421e9c01a69a03a2c,,2026-07-10,7/11/26 8:30 AM,2026-07-11T08:30:00,2026-07-10 22:26:57,ITF Men Monastir,ITF Men's - ITF Men Monastir (2),Hard,15,,store_surface,aziz dougaz,nicolas robert,
skip_aef6f13b7872a93cc5a4,2026-07-10T22:56:22+00:00,run_20260710T224457Z,2026-07-10T22:44:57+00:00,feature_extraction,feature_error,feature_error:TA profile load failed for slug: NicolasRobert,match_bb2243c197b55d94e261,feat_bd4808aadb51bfe39a6b,,2026-07-10,7/11/26 8:30 AM,2026-07-11T08:30:00,2026-07-10 22:47:09,ITF Men Monastir,ITF Men's - ITF Men Monastir (2),Hard,15,,store_surface,aziz dougaz,nicolas robert,
skip_582d80c215a8cbf02e67,2026-07-10T23:32:15+00:00,run_20260710T231820Z,2026-07-10T23:18:20+00:00,feature_extraction,feature_error,feature_error:TA profile load failed for slug: NicolasRobert,match_bb2243c197b55d94e261,feat_9d96f111ba9347421616,,2026-07-10,7/11/26 8:30 AM,2026-07-11T08:30:00,2026-07-10 23:25:26,ITF Men Monastir,ITF Men's - ITF Men Monastir (2),Hard,15,,store_surface,aziz dougaz,nicolas robert,
skip_a51f6d5025253aa6e048,2026-07-10T23:48:26+00:00,run_20260710T234300Z,2026-07-10T23:43:00+00:00,feature_extraction,feature_error,feature_error:TA profile load failed for slug: ManasManojDhamne,match_3688e0d76b80580f86a1,feat_ba01fbbff71e45ea8c88,,2026-07-10,7/11/26 12:30 PM,2026-07-11T12:30:00,2026-07-10 23:47:20,Gstaad,ATP - Gstaad (7),Clay,A,,store_surface,manas manoj dhamne,vitaliy sachko,
skip_44953537db588c0d03c7,2026-07-10T23:49:20+00:00,run_20260710T234300Z,2026-07-10T23:43:00+00:00,feature_extraction,feature_error,feature_error:TA profile load failed for slug: NicolasRobert,match_bb2243c197b55d94e261,feat_2d72eb8cbd3bd6963f14,,2026-07-10,7/11/26 8:30 AM,2026-07-11T08:30:00,2026-07-10 23:47:28,ITF Men Monastir,ITF Men's - ITF Men Monastir (2),Hard,15,,store_surface,aziz dougaz,nicolas robert,
skip_0a0bbb9763586a1c5223,2026-07-11T00:21:28+00:00,run_20260711T001326Z,2026-07-11T00:13:26+00:00,feature_extraction,feature_error,feature_error:TA profile load failed for slug: ManasManojDhamne,match_41ea17c0488f68cb0275,feat_a05a2f0b2c03cd8a1f0c,,2026-07-11,7/11/26 12:30 PM,2026-07-11T12:30:00,2026-07-11 00:16:51,Gstaad,ATP - Gstaad (7),Clay,A,,store_surface,manas manoj dhamne,vitaliy sachko,
skip_5e95e5249cafd6aee6eb,2026-07-11T00:22:23+00:00,run_20260711T001326Z,2026-07-11T00:13:26+00:00,feature_extraction,feature_error,feature_error:TA profile load failed for slug: NicolasRobert,match_4c156f96b93853f5331d,feat_2f61d5a5bbba26c805f4,,2026-07-11,7/11/26 8:30 AM,2026-07-11T08:30:00,2026-07-11 00:17:00,ITF Men Monastir,ITF Men's - ITF Men Monastir (2),Hard,15,,store_surface,aziz dougaz,nicolas robert,
skip_e4c0dc54bef3b18cbde0,2026-07-11T01:37:26+00:00,run_20260711T012711Z,2026-07-11T01:27:11+00:00,feature_extraction,feature_error,feature_error:TA profile load failed for slug: ManasManojDhamne,match_e9f6c6125a14dd2a3660,feat_4be8c47e6c787fc313e8,,2026-07-11,7/11/26 11:30 AM,2026-07-11T11:30:00,2026-07-11 01:32:47,Gstaad,ATP - Gstaad (8),Clay,A,,store_surface,manas manoj dhamne,vitaliy sachko,
skip_18335ad3d62891fc9e09,2026-07-11T01:38:41+00:00,run_20260711T012711Z,2026-07-11T01:27:11+00:00,feature_extraction,feature_error,feature_error:TA profile load failed for slug: NicolasRobert,match_4c156f96b93853f5331d,feat_8de4740cd32163f4c1bb,,2026-07-11,7/11/26 8:30 AM,2026-07-11T08:30:00,2026-07-11 01:33:02,ITF Men Monastir,ITF Men's - ITF Men Monastir (2),Hard,15,,store_surface,aziz dougaz,nicolas robert,
skip_0b3c0725f0ea93525d08,2026-07-11T03:02:56+00:00,run_20260711T025559Z,2026-07-11T02:55:59+00:00,feature_extraction,feature_error,feature_error:TA profile load failed for slug: ManasManojDhamne,match_e9f6c6125a14dd2a3660,feat_90729f1d76434abd96a0,,2026-07-11,7/11/26 11:30 AM,2026-07-11T11:30:00,2026-07-11 02:58:52,Gstaad,ATP - Gstaad (8),Clay,A,,store_surface,manas manoj dhamne,vitaliy sachko,
skip_8c7263335be4a8bc8fde,2026-07-11T04:56:12+00:00,run_20260711T045028Z,2026-07-11T04:50:28+00:00,feature_extraction,feature_error,feature_error:TA profile load failed for slug: ManasManojDhamne,match_e9f6c6125a14dd2a3660,feat_06f96b341477824f5305,,2026-07-11,7/11/26 11:30 AM,2026-07-11T11:30:00,2026-07-11 04:53:19,Gstaad,ATP - Gstaad (8),Clay,A,,store_surface,manas manoj dhamne,vitaliy sachko,
skip_b45be3b6b933423a5f2f,2026-07-11T15:55:48+00:00,run_20260711T154114Z,2026-07-11T15:41:14+00:00,feature_extraction,feature_error,feature_error:TA profile load failed for slug: JoelJosefSchwarzler,match_8d7cef580a4bd78f7314,feat_a2e44989c2c91ff4a0cd,,2026-07-11,7/13/26 9:00 AM,2026-07-13T09:00:00,2026-07-11 15:46:57,Gstaad,ATP - Gstaad (9),Clay,A,,store_surface,lorenzo sonego,joel josef schwarzler,
skip_a5f0762e50bb981a46e3,2026-07-11T15:56:52+00:00,run_20260711T154114Z,2026-07-11T15:41:14+00:00,feature_extraction,inside_pre_match_buffer_5m,inside_pre_match_buffer_5m,match_35c631190f1fc5c48f67,feat_d3df84cc91fd5cfe9c76,,2026-07-11,7/11/26 4:00 PM,2026-07-11T16:00:00,2026-07-11 15:46:58,Iasi,Challenger - Iasi (1),Clay,C,,store_surface,valentin royer,titouan droguet,
skip_e82e5ce2c811df82d09c,2026-07-11T15:57:06+00:00,run_20260711T154114Z,2026-07-11T15:41:14+00:00,feature_extraction,inside_pre_match_buffer_5m,inside_pre_match_buffer_5m,match_70cd290b1ca23b8a196d,feat_d129d1a71458550829b0,,2026-07-11,7/11/26 4:00 PM,2026-07-11T16:00:00,2026-07-11 15:47:00,ITF Men Bastia-Lucciana,ITF Men's - ITF Men Bastia-Lucciana (2),Clay,15,,store_surface,alexander weis,yanis ghazouani durand,
skip_abdaf202e5ae8f3fe0d4,2026-07-11T15:57:06+00:00,run_20260711T154114Z,2026-07-11T15:41:14+00:00,feature_extraction,inside_pre_match_buffer_5m,inside_pre_match_buffer_5m,match_fd5ac20c263c18b215e2,feat_2044cf5b9a753ffe0e37,,2026-07-11,7/11/26 4:00 PM,2026-07-11T16:00:00,2026-07-11 15:47:01,ITF Men Bastia-Lucciana,ITF Men's - ITF Men Bastia-Lucciana (2),Clay,15,,store_surface,florent bax,laurent lokoli,
skip_ee7b856307f79ca49c57,2026-07-11T15:57:06+00:00,run_20260711T154114Z,2026-07-11T15:41:14+00:00,feature_extraction,inside_pre_match_buffer_5m,inside_pre_match_buffer_5m,match_4440068c42f935728d4c,feat_cffc110363bf6c04cfa8,,2026-07-11,7/11/26 4:00 PM,2026-07-11T16:00:00,2026-07-11 15:47:01,ITF Men Dallas,ITF Men's - ITF Men Dallas (2),Hard,15,,store_surface,trevor svajda,evan zhu,
skip_d05435921a1fb8f2f661,2026-07-11T15:57:06+00:00,run_20260711T154114Z,2026-07-11T15:41:14+00:00,feature_extraction,inside_pre_match_buffer_5m,inside_pre_match_buffer_5m,match_2219eed980baa02177e8,feat_0364b697dcc29a12a53d,,2026-07-11,7/11/26 4:00 PM,2026-07-11T16:00:00,2026-07-11 15:47:02,ITF Men Dallas,ITF Men's - ITF Men Dallas (2),Hard,15,,store_surface,gavin young,aidan kim,
skip_6db59121674af9ec81a1,2026-07-11T16:48:25+00:00,run_20260711T163827Z,2026-07-11T16:38:27+00:00,feature_extraction,inside_pre_match_buffer_5m,inside_pre_match_buffer_5m,match_e7b1086da45707dba1f4,feat_5735743eafbdadc05af6,,2026-07-11,7/11/26 4:50 PM,2026-07-11T16:50:00,2026-07-11 16:41:00,Umag,ATP - Umag (2),Clay,A,,store_surface,juan carlos prado angelo,marc majdandzic,
skip_28fbca6b13b5540cdc45,2026-07-11T16:48:26+00:00,run_20260711T163827Z,2026-07-11T16:38:27+00:00,feature_extraction,inside_pre_match_buffer_5m,inside_pre_match_buffer_5m,match_7f449a444e3d6932e79d,feat_4254c74116a21d5676f8,,2026-07-11,7/11/26 4:50 PM,2026-07-11T16:50:00,2026-07-11 16:41:01,Umag,ATP - Umag (2),Clay,A,,store_surface,norbert gombos,nikolas sanchez-izquierdo,
skip_50b1c51d7f2b1f632e0b,2026-07-11T16:51:02+00:00,run_20260711T163827Z,2026-07-11T16:38:27+00:00,feature_extraction,feature_error,feature_error:TA profile load failed for slug: JoelJosefSchwarzler,match_e64e4266638e385be7e7,feat_14a018d4ba161fa4660a,,2026-07-11,7/13/26 9:00 AM,2026-07-13T09:00:00,2026-07-11 16:41:06,Gstaad,ATP - Gstaad (11),Clay,A,,store_surface,lorenzo sonego,joel josef schwarzler,
skip_a68bd37861abf60eeadb,2026-07-11T16:51:16+00:00,run_20260711T163827Z,2026-07-11T16:38:27+00:00,feature_extraction,scheduled_start_passed,scheduled_start_passed,match_35c631190f1fc5c48f67,feat_49bcc6cde713fb4b4b19,,2026-07-11,7/11/26 4:50 PM,2026-07-11T16:50:00,2026-07-11 16:41:07,Iasi,Challenger - Iasi (1),Clay,C,,store_surface,valentin royer,titouan droguet,
skip_46429ac65d483ba9ff20,2026-07-11T16:51:29+00:00,run_20260711T163827Z,2026-07-11T16:38:27+00:00,feature_extraction,scheduled_start_passed,scheduled_start_passed,match_d85ef087136d99542810,feat_29e181f77335601d93cd,,2026-07-11,7/11/26 4:44 PM,2026-07-11T16:44:00,2026-07-11 16:41:10,ITF Men Laval,ITF Men's - ITF Men Laval (1),Hard,15,,store_surface,kenta miyoshi,timo legout,
skip_d335072c6007c5760179,2026-07-11T17:26:38+00:00,run_20260711T171924Z,2026-07-11T17:19:24+00:00,feature_extraction,feature_error,feature_error:TA profile load failed for slug: JoelJosefSchwarzler,match_e64e4266638e385be7e7,feat_1ec7e329ad0e7a1bdf1e,,2026-07-11,7/13/26 9:00 AM,2026-07-13T09:00:00,2026-07-11 17:22:01,Gstaad,ATP - Gstaad (11),Clay,A,,store_surface,lorenzo sonego,joel josef schwarzler,
skip_7aa0693da36ee181f790,2026-07-11T17:26:50+00:00,run_20260711T171924Z,2026-07-11T17:19:24+00:00,feature_extraction,inside_pre_match_buffer_5m,inside_pre_match_buffer_5m,match_35c631190f1fc5c48f67,feat_ff3161a1542898b617ac,,2026-07-11,7/11/26 5:30 PM,2026-07-11T17:30:00,2026-07-11 17:22:02,Iasi,Challenger - Iasi (1),Clay,C,,store_surface,valentin royer,titouan droguet,
skip_7b3caa5b3f38f70352ab,2026-07-11T17:48:41+00:00,run_20260711T174319Z,2026-07-11T17:43:19+00:00,feature_extraction,feature_error,feature_error:TA profile load failed for slug: JoelJosefSchwarzler,match_e64e4266638e385be7e7,feat_767e3df31ec51d3d85e2,,2026-07-11,7/13/26 9:00 AM,2026-07-13T09:00:00,2026-07-11 17:45:56,Gstaad,ATP - Gstaad (11),Clay,A,,store_surface,lorenzo sonego,joel josef schwarzler,
skip_ea01e52709c55580bd73,2026-07-11T18:54:04+00:00,run_20260711T183954Z,2026-07-11T18:39:54+00:00,feature_extraction,feature_error,feature_error:TA profile load failed for slug: JoelJosefSchwarzler,match_e64e4266638e385be7e7,feat_71c34e3296109ea18643,,2026-07-11,7/13/26 9:00 AM,2026-07-13T09:00:00,2026-07-11 18:45:28,Gstaad,ATP - Gstaad (11),Clay,A,,store_surface,lorenzo sonego,joel josef schwarzler,
skip_8d2c57cbb552e5ebde9c,2026-07-11T20:23:56+00:00,run_20260711T200144Z,2026-07-11T20:01:44+00:00,feature_extraction,feature_error,feature_error:TA profile load failed for slug: JoelJosefSchwarzler,match_e64e4266638e385be7e7,feat_79fc54a697d491dab584,,2026-07-11,7/13/26 9:00 AM,2026-07-13T09:00:00,2026-07-11 20:07:17,Gstaad,ATP - Gstaad (11),Clay,A,,store_surface,lorenzo sonego,joel josef schwarzler,
skip_a28855da5d8e58950595,2026-07-11T20:25:52+00:00,run_20260711T200144Z,2026-07-11T20:01:44+00:00,feature_extraction,scheduled_start_passed,scheduled_start_passed,match_1dd053c8b0af6443e7bf,feat_d7d0fc37a63333250649,,2026-07-11,7/11/26 8:10 PM,2026-07-11T20:10:00,2026-07-11 20:07:18,Newport,Challenger - Newport (1),Grass,C,,store_surface,alexis galarneau,jacob fearnley,
skip_15b3cff4e060a75f7157,2026-07-13T23:50:21+00:00,run_20260713T233949Z,2026-07-13T23:39:49+00:00,feature_extraction,feature_error,feature_error:TA profile load failed for slug: YukiMochizuki,match_cbd8136a6169de9fe161,feat_8acc35889adac51e3f3b,,2026-07-13,7/14/26 2:30 AM,2026-07-14T02:30:00,2026-07-13 23:43:20,ITF Men Brisbane,ITF Men's - ITF Men Brisbane (2),Hard,15,,store_surface,chase ferguson,yuki mochizuki,
skip_120e1d4b4e99fe808e0c,2026-07-13T23:51:31+00:00,run_20260713T233949Z,2026-07-13T23:39:49+00:00,feature_extraction,scheduled_start_passed,scheduled_start_passed,match_d68c79664fcc82b9959e,feat_648cf21a236423355421,,2026-07-13,7/13/26 11:40 PM,2026-07-13T23:40:00,2026-07-13 23:43:31,Granby,Challenger - Granby (5),Hard,C,,store_surface,nicolas arseneault,andres martin,
skip_544aed85193177abdf02,2026-07-13T23:51:31+00:00,run_20260713T233949Z,2026-07-13T23:39:49+00:00,feature_extraction,scheduled_start_passed,scheduled_start_passed,match_85939c5760e884569ee1,feat_879ff8a73b98d014c347,,2026-07-13,7/13/26 11:40 PM,2026-07-13T23:40:00,2026-07-13 23:43:32,Granby,Challenger - Granby (5),Hard,C,,store_surface,yuta shimizu,jay dylan hara friend,
skip_39d378cfe73a9c3d8974,2026-07-13T23:52:21+00:00,run_20260713T233949Z,2026-07-13T23:39:49+00:00,feature_extraction,feature_error,feature_error:TA profile load failed for slug: MurkelDellien,match_067abf7df215679072c4,feat_74a983b60d89b5f67e8f,,2026-07-13,7/14/26 1:00 PM,2026-07-14T13:00:00,2026-07-13 23:43:37,ITF Men Villa Constitucion,ITF Men's - ITF Men Villa Constitucion (4),Clay,15,,store_surface,murkel dellien,tomas martinez,
